正面,背面
federal,"adj. 联邦制的, 联邦政府的"
republican,"n. 共和主义者, 共和党人, 爱尔兰..."
congress,"n. 代表大会, 国会, 政治团体, 集会"
campaign,"n. 活动, 战役；v. 进行活动"
factor,"n. 因素, 因数, 倍数, 系数, 因子；..."
decade,n. 十年
authority,"n. 权力, 授权, 当局, 权威, 专家"
democratic,"adj. 民主的, 民主决策的, ..."
impact,"n. 影响, 撞击；v. 影响, 撞击"
reveal,"v. 透露, 展现；n. 揭晓"
candidate,"n. 候选人, 考生, 候选对象"
violence,"n. 暴力伤害, 猛烈"
victim,"n. 受害者, 受骗者, 祭品"
threat,n. 威胁
attorney,"n. 出庭律师, 代理人, 法律文件..."
senate,"n. 参议院, 大学评议会, 元老院"
reform,"n. 改革；v. 改革, 改过自新"
concerned,"adj. 担忧的, 相关的, 关..."
involved,"adj. 参与的, 投入的, 有密切..."
facility,"n. 设施, 场所, 功能, 天赋"
settle,"v. 解决争端, 最终决定, ..."
influence,n. 影响；v. 影响
quarter,"n. 四分之一, 一刻钟, 季度..."
perspective,"n. 视角, 洞察力, 透视法, 远景"
academic,"adj. 学术的, 理论性的, 善..."
negative,"adj. 负面的, 否定的, 拒绝..."
democracy,"n. 民主制度, 民主国家, 民..."
abuse,"n. 滥用, 虐待, 辱骂；v. 滥用, 虐待,..."
domestic,"adj. 国内的, 家庭的, 家..."
nod,"v. 点头, 用头示意方向, 打..."
urban,"adj. 城市的, 都市音乐的"
obtain,"v. 获得, 存在"
instrument,"n. 乐器, 仪器, 仪表, 工具, 工..."
predict,v. 预测
presidential,adj. 总统的
supreme,"adj. 最高级别的, 极度的"
poll,"n. 民意调查, 投票, 投票总..."
proposal,"n. 提议, 求婚"
trail,"n. 痕迹, 踪迹, 小径, *..."
jury,"n. 陪审团, 评审团"
analyst,"n. 分析师, 精神分析师"
revenue,n. 收入
investor,n. 投资者
ethnic,adj. 民族的；n. 少数民族成员
long-term,adv. 长期的
pilot,"n. 飞行员, 领航员, 试播集, 引..."
capacity,"n. 容量, 能力, 身份, 产能,..."
estate,"n. 住宅区, 庄园, 遗产, 旅..."
circumstance,"n. 情况, 生活状况, 境遇"
surgery,"n. 手术, 诊所, 门诊时间, ..."
governor,"n. 总督, 州长, 理事, 主管"
motion,"n. 运动, 手势, 动议, 排便；v. ..."
gender,"n. 社会性别, 语法性别"
bowl,"n. 碗, 一碗的量, 碗状部分..."
eliminate,"v. 完全去除, 排除, 淘汰, 消灭"
regime,"n. 政权, 制度, 养生法"
division,"n. 分开, 除法, 分歧, *..."
variable,"n. 变量；adj. 易变的, 可调..."
perception,"n. 看法, 知觉, 领悟力"
coverage,"n. 新闻报道, 覆盖范围, 覆..."
era,n. 时代
stir,"v. 搅拌, 微动, 促使, 激起, ..."
minister,"n. 部长, 牧师, 公使；v. ..."
intervention,"n. 干预, 干涉, 医疗干预..."
cite,"v. 引用, 引述, 传唤, 表彰"
welfare,"n. 福祉, 社会福利, 福利金"
contemporary,"adj. 同时代的, 现代的, 现..."
household,n. 家庭成员
resolution,"n. 决心, 决议, 解决, 分辨率"
abortion,"n. 人工终止妊娠, 终止妊娠..."
barely,"adv. 勉强地, 几乎不, 仅仅, 刚刚"
sector,"n. 行业, 防区, 扇形"
representative,"n. 代表, 销售代表, 典型, ..."
beneath,"prep. 在...下面, 配不上；adv. 在...."
faculty,"n. 学院, 全体教员, 全体教..."
merely,adv. 仅仅
liberal,"adj. 开明的, 自由派, 开..."
rural,adj. 乡村的
secretary,"n. 秘书, 大臣, 部长, 助理"
legislation,"n. 法律, 立法"
accuse,v. 指责
physician,n. 内科医生
virtually,"adv. 几乎, 虚拟地"
gay,"adj. 同性恋的, 与同性恋相..."
interaction,"n. 互动, 相互作用"
curriculum,n. 课程
assistance,n. 帮助
up to date,"adj. 新的, 最新的"
asset,n. 资产
depression,"n. 抑郁症, 沮丧, 经济萧条..."
spiritual,"adj. 精神的, 宗教的；n. ..."
prayer,"n. 祷告文, 固定祷文, 祷告..."
journalist,n. 记者
scholar,"n. 学者, 奖学金获得者, 优秀学..."
agenda,"n. 会议议程, 工作计划, 隐..."
primarily,adv. 主要地
initiative,"n. 倡议, 主动性, 先机,..."
therapy,n. 治疗
housing,"n. 住房, 住房供给, 外壳"
existing,adj. 现有的
regarding,prep. 关于
violent,"adj. 暴力的, 激烈的, 猛烈的, ..."
perceive,"v. 感知, 察觉"
settlement,"n. 和解协议, 达成协议, ..."
portion,"n. 部分, 一份, 份额；v. 分配"
territory,"n. 领土, 领地, 领域, ..."
opponent,"n. 对手, 反对者"
tension,"n. 紧张关系, 紧张局势, ..."
participation,n. 参与
atmosphere,"n. 大气层, 大气, 空气, 氛围"
joint,"adj. 共同的；n. 关节, 连接处, ..."
resistance,"n. 反对, 武力抵抗, 抵抗..."
exposure,"n. 暴露, 曝光, 体验, 冻伤, 曝..."
coalition,"n. 联合政府, 联盟"
racial,"adj. 种族的, 与种族背景相关的"
symptom,"n. 症状, 征兆"
manufacturer,n. 制造商
philosophy,"n. 哲学, 哲学体系, 人生哲学"
foundation,"n. 基础, 基金会, 创立,..."
negotiation,n. 谈判
urge,"v. 敦促, 强烈推荐, 驱使；..."
suicide,"n. 自杀行为, 自毁前程的行..."
implement,v. 实施；n. 工具
essentially,adv. 本质上
gene,n. 基因
enforcement,n. 执行
independence,n. 独立
priest,"n. 牧师, 祭司"
adjust,"v. 调整, 适应, 整理"
visible,"adj. 可见的, 明显的"
congressional,adj. 国会的
involvement,"n. 参与, 投入, 关系"
dominate,"v. 支配, 占主导地位, 最为..."
severe,"adj. 严重的, 严厉的惩罚, ..."
poverty,"n. 贫穷, 缺乏"
accomplish,v. 完成
evaluation,n. 评估
psychological,"adj. 心理的, 心理学的"
peak,"n. 顶点, 山峰, 尖端, 帽檐；..."
missile,"n. 导弹, 投掷物"
disorder,"n. 紊乱, 混乱, 骚乱"
distribution,"n. 分布, 分发, 配送"
transportation,"n. 交通运输系统, 交通工具*..."
holy,"adj. 神圣的, 圣洁的, 天哪"
interpretation,"n. 解释, 演绎"
engineering,"n. 工程, 工程学"
so-called,"adj. 所谓的, 通常所说的"
clinic,"n. 诊所, 门诊时间, 专科..."
veteran,"n. 老手, 老兵"
toss,"v. 轻抛, 抛硬币决定, 猛地..."
pray,"v. 祈祷, 祈求；adv. 请"
exception,n. 例外
deficit,"n. 赤字, 不足"
ally,"n. 盟国, 盟友, 同盟国,..."
reputation,n. 声誉
confront,v. 面对
glance,"vi. 瞥一眼, 浏览；n. 一瞥"
dimension,"n. 维度, 规模, 方面"
peer,"n. 同龄人, 贵族；v. 仔细看"
personnel,"n. 全体员工, 人事部门"
immigration,"n. 移民, 移民检查处"
implication,"n. 影响, 暗示, 牵连"
recognition,"n. 认出, 承认, 表彰"
retirement,"n. 退休, 退休生活, 退役"
recovery,"n. 康复, 复苏, 找回, 恢复室"
whisper,"v. 低声说, 私下说, 发出轻柔的..."
swing,"v. 摆动, 荡, 挥舞, ..."
phenomenon,"n. 现象, 非凡的人"
anxiety,"n. 焦虑, 焦虑症, 担忧之..."
literally,"adv. 字面意思地, 确实地, 简直"
convention,"n. 惯例, 大会, 公约"
embrace,"n. 拥抱, 欣然接受；v. 拥抱, ..."
pan,"n. 平底锅, 一锅的量, 烤盘..."
consultant,"n. 顾问, 主任医师"
administrator,"n. 管理员, 系统管理员, 破产管..."
mayor,n. 市长
bind,"v. 捆绑, 团结, 包裹, 约束, ..."
enterprise,"n. 企业, 大型项目, 私营企业, 创业..."
recipe,"n. 食谱, 方法"
elementary,"adj. 基础的, 基本的, 简单的"
aggressive,"adj. 好斗的, 积极进取的, ..."
protein,n. 蛋白质
absence,"n. 缺席, 缺乏"
jail,n. 监狱；v. 监禁
diversity,"n. 多样性, 涵盖多种类型, 多元性"
respondent,"n. 受访者, 被告"
negotiate,"v. 谈判, 商定, 通过"
historian,n. 历史学家
restore,"v. 恢复, 修复, 归还"
substantial,"adj. 大量的, 坚固的"
conventional,"adj. 常规的, 传统的, 常..."
biological,"adj. 生物学的, 生物的, 有..."
deputy,"n. 副手, 议员, 副警长"
assure,"v. 保证, 确信, 确保, 投保"
dealer,"n. 商人, 毒贩, 发牌员"
utility,"n. 公用事业, 效用, 实用程序；..."
precisely,"adv. 精确地, 准确地"
highway,"n. 高速公路, 公路"
clinical,"adj. 临床的, 冷静的, 朴素的"
wage,n. 工资；v. 发动
ingredient,"n. 成分, 要素"
stake,"n. 股份, 份额, 赌注, 桩, ..."
snap,"v. 啪地折断, 快速拍照, 啪..."
terrorism,n. 恐怖主义
refugee,n. 难民
incorporate,"v. 纳入, 注册公司"
ultimate,"adj. 最终的, 极致的, 最初..."
corporation,"n. 大公司, 法人团体, 市政当局"
hip,"n. 臀部, 臀部丰满的, 蔷薇果；adj. ..."
assumption,"n. 假设, 承担"
gear,"n. 齿轮, 挡位, 装备, 服装, 个人物..."
assign,"v. 分配, 指派, 派遣, 指定, ..."
provision,"n. 供应, 预备, 给养, ..."
gang,"n. 犯罪团伙, 不良少年帮派, 一帮..."
index,"n. 索引, 卡片索引, 指数, 指标；..."
advocate,"n. 拥护者, 辩护人, 大律师；v. ..."
yell,"v. 大喊；n. 喊叫, 助威"
pregnant,"adj. 怀孕的, 意味深长的"
distant,"adj. 遥远的, 不同的, 远房的, ..."
satellite,"n. 人造卫星, 卫星, 附属物"
universal,adj. 普遍的
spin,"v. 快速旋转多次, 快速旋转..."
darkness,"n. 黑暗, 暗度, 邪恶"
yield,"n. 产量；v. 产生, 屈服, 让..."
fence,"n. 栅栏, 障碍栏, 销赃者；v. 用..."
portrait,"n. 肖像, 详细描述, 纵向"
survival,"n. 生存, 遗留物"
lawsuit,n. 诉讼
testimony,"n. 证明, 证词"
burden,"n. 负担, 重物；v. 使负担, 背负"
chamber,"n. 会议厅, 议院, 专用室, ..."
cooperation,"n. 合作, 配合度"
cheek,"n. 脸颊, 有某种脸颊的, 臀部的..."
mechanism,"n. 机械装置, 机制, 生理机制"
penalty,"n. 惩罚, 不良后果, 犯规处罚, ..."
resort,"n. 度假胜地, 不得已而为之, 最后..."
destruction,n. 破坏
tissue,"n. 纸巾, 组织, 薄纸"
pant,v. 喘气；n. 喘息
cabinet,"n. 内阁, 橱柜"
proceed,"vi. 继续, 接着, 前进"
literary,"adj. 文学的, 书卷气的, 热爱..."
strategic,"adj. 战略性的, 军事战略的"
dispute,"n. 争议；v. 质疑, 争论, 争夺"
remarkable,adj. 非凡的
occupy,"v. 占据, 居住, 占领, 忙于, 担任"
wipe,"v. 擦拭, 擦去, 擦除, 抹去；..."
genetic,adj. 遗传的
spokesman,n. 发言人
latter,"adj. 后者, 较后的, 较近的"
incentive,"n. 激励, 激励措施"
accurate,"adj. 准确的, 能提供准确信息的, ..."
terror,"n. 极度的恐惧, 恐怖事物, 恐怖..."
expansion,n. 扩张
elite,"adj. 精英群体的一部分, 顶尖竞争..."
dirt,"n. 污垢, 泥土, 丑闻, 粪便"
bible,"n. 圣经（基督教）, 圣经（犹太教）, ..."
solar,"adj. 太阳的, 太阳能的"
complicated,adj. 复杂的
strip,"n. 条, 狭长地带, 队服, 脱..."
scenario,"n. 情景, 剧本"
telescope,"n. 望远镜；v. 套叠, 缩短"
tournament,"n. 锦标赛, 骑士比武"
fiction,"n. 小说, 虚构"
recommendation,"n. 建议, 推荐, 推荐信"
lifetime,n. 一生
tremendous,"adj. 巨大的, 极好的"
senator,n. 参议员
innocent,"adj. 无罪的, 无辜受害的, 天..."
boundary,"n. 边界, 边界得分"
satisfaction,"n. 满足感, 满足, 补偿"
bench,"n. 长凳, 法官席, 议员席, 替补..."
awareness,"n. 意识, 关注"
withdraw,"v. 取款, 撤退, 退出, 撤回, 收..."
deck,"n. 甲板, 层, 平台, 播放器,..."
pole,"n. 杆子, 极点, 电极, 极端；..."
testify,"v. 作证, 证明, 见证"
mode,"n. 方式, 模式, 状态, 风格, 调..."
advanced,"adj. 先进的, 高级的, 发达的"
mutual,"adj. 相互的, 共享的"
platform,"n. 站台, 讲台, 平台, 政纲, 厚..."
diverse,adj. 多样的
conservation,"n. 自然保护, 文物保护, 资源节..."
evolve,v. 进化
shooting,"n. 射击, 拍摄, 射击运动"
offense,"n. 犯罪, 冒犯, 进攻"
counter,"n. 柜台, 操作台, 棋子, 计..."
protest,"n. 抗议；v. 抗议, 申明"
treaty,n. 条约
craft,"n. 手工艺, 技艺, 诡计, 船..."
insight,"n. 洞见, 洞察力"
tap,"v. 轻敲, 打拍子, 利用, 窃..."
extensive,"adj. 广阔的, 渊博的"
shortly,"adv. 不久之后, 很快, 不..."
considerable,adj. 可观的
prior,"adj. 先前的, 优先的, 在..."
intellectual,"adj. 智力的, 聪明的；n. 知识..."
characterize,"v. 代表, 描述"
assault,"n. 袭击, 攻击占领, 奋力..."
headquarters,n. 总部
violation,"n. 违反, 侵犯, 亵渎"
rub,"v. 摩擦, 搓, 擦伤, ..."
controversy,n. 争议
fade,"v. 褪色, 逐渐消失, 衰退"
tragedy,n. 悲剧
funeral,n. 葬礼
constitute,"v. 构成, 组成, 设立"
establishment,"n. 机构, 当权派, 建立"
squeeze,"v. 挤压, 榨取, 挤入, ..."
mask,"n. 面具, 防护面具, 面膜, ..."
comprehensive,"adj. 全面的, 综合性的, 大幅..."
prominent,"adj. 重要的, 显眼的, 突出的"
presentation,"n. 展示会, 呈递, 呈现方式, 演..."
regardless,adv. 不顾
representation,"n. 表现, 代表, 陈述"
violate,"v. 违反, 侵犯, 亵渎, 强奸"
partnership,"n. 合伙经营, 合作关系, 合..."
emission,"n. 发射, 排放物"
vital,"adj. 至关重要的, 维持生命的,..."
fate,n. 命运
distinction,"n. 区别, 区分, 特点, 卓越, 荣誉"
segment,"n. 部分, 瓣, 扇形, 音段；v. 分割"
mere,"adj. 仅仅的, 仅仅；n. 小湖"
variation,"n. 变化, 变体, 变奏"
radical,"adj. 根本的, 激进的, 极好..."
correspondent,"n. 通讯员, 通信者"
significance,"n. 重要性, 含义"
vessel,"n. 血管, 船, 容器"
flee,v. 逃跑
evolution,"n. 进化, 演变"
tribe,"n. 部落, 群体, 族, 大家族"
lawn,"n. 草坪, 细麻布"
council,"n. 议会, 市政委员会, 委员..."
wisdom,"n. 智慧, 明智"
vulnerable,adj. 脆弱的
garlic,n. 大蒜
poetry,"n. 诗歌, 诗意"
celebrity,"n. 名人, 名声"
stability,n. 稳定性
fantasy,"n. 幻想, 想象, 想象力,..."
plot,"n. 情节, 阴谋, 小块土地；v. 密..."
framework,n. 框架
gesture,"n. 手势, 表示；v. 做手势"
ongoing,adj. 进行中的
psychology,"n. 心理学, 心理, 心理机制"
divorce,"n. 离婚, 分离；v. 离婚, 分离"
athletic,"adj. 强健的, 田径运动的"
shade,"n. 阴凉处, 色度, 遮光罩, ..."
sustain,"v. 维持, 保持, 遭受, 支持, ..."
obligation,n. 义务
differ,"vi. 不同, 不同意"
palm,"n. 棕榈树, 手掌；v. 藏于掌中"
composition,"n. 成分, 作文, 作品, 创作,..."
briefly,"adv. 短暂地, 简要地"
carbon,"n. 碳, 二氧化碳, 复写本, ..."
scheme,"n. 计划, 阴谋, 图案, 廉租..."
crack,"v. 破裂, 打碎, 猛击, 发出..."
tobacco,n. 烟草
survivor,n. 幸存者
galaxy,"n. 星系, 银河系, 名人荟萃"
limitation,n. 限制
trace,"v. 追踪, 追溯, 追溯发展, ..."
preference,"n. 偏爱, 偏爱的事物"
incredible,"adj. 难以置信的, 极好的, 巨大的"
publicly,"adv. 由政府出资, 公开地, 公用的"
admission,"n. 允许进入, 承认, 入场费"
infant,"n. 婴儿, 学龄前儿童；adj. ..."
tendency,"n. 倾向, 趋势, 派别"
porch,"n. 门廊, 走廊"
scholarship,"n. 奖学金, 学术成就"
formation,"n. 形成, 形成物, 排列"
reservation,"n. 预订, 保留意见, 保留地, 保..."
efficiency,"n. 效率, 节省, 能效, 一室..."
derive,"v. 从...获得, 源自, 推导出"
scandal,n. 丑闻
heel,"n. 脚后跟, 鞋后跟, 袜子后..."
resemble,v. 看起来像
fabric,"n. 织物, 结构, 建筑结构"
privacy,"n. 独处, 隐私"
proportion,"n. 部分, 比例, 均衡, 尺寸..."
guideline,"n. 指导方针, 决策参考"
conviction,"n. 定罪, 信念, 确信"
maintenance,"n. 维修, 维持, 生活费, 赡..."
organic,"adj. 有机, 来源于生物的, 含..."
strengthen,"v. 加强, 增强体质, 加深感情, 变强,..."
myth,"n. 神话, 谬论"
sophisticated,"adj. 精密的, 世故的, 精通的"
standing,"adj. 站立的, 持久的；n. ..."
barrel,"n. 桶, 一桶的量, 枪管；v. ..."
membership,"n. 成员身份, 全体成员"
ratio,n. 比例
controversial,adj. 有争议的
desperate,"adj. 绝望的, 孤注一掷的, 极其渴..."
sufficient,adj. 足够的
helicopter,n. 直升机
modest,"adj. 朴素的, 谦虚的, 端庄的"
agricultural,adj. 农业的
scope,"n. 机会, 范围, 观察镜；v. ..."
stroke,"n. 击球, 巧妙之举, 挥臂动..."
handful,"n. 一把, 少数, 难控制的人"
punishment,"n. 惩罚, 损坏"
curious,"adj. 好奇的, 奇特的"
horizon,"n. 地平线, 眼界"
prompt,"v. 促使, 提示, 提词；adj. 迅速..."
downtown,adv. 往市区；adj. 市区的；n. 商...
cholesterol,n. 胆固醇
absorb,"v. 吸收, 缓冲（物理冲击）, 领..."
eager,adj. 热切的
principal,"adj. 主要的；n. 大学校长, ..."
motivation,"n. 动机, 动力, 动机说明"
restriction,"n. 限制规定, 限制, 自由限制"
assignment,"n. 任务, 分配"
workshop,"n. 研讨会, 车间"
sue,"v. 起诉, 请求"
overlook,"v. 忽略, 忽视, 俯瞰, ..."
undergo,v. 经历
demonstration,"n. 示威, 演示, 证明, 表达"
sequence,"n. 序列, 次序, 片段；v. 排..."
jet,"n. 喷气式飞机, 喷射流, 煤玉；..."
consumption,"n. 消耗, 消费, 肺结核"
assert,"v. 断言, 自信地表达, 维..."
blade,"n. 刀片, 叶片, 桨叶, 草叶,..."
medication,n. 药物
cabin,"n. 船舱, 机舱, 小屋"
pitch,"n. 球场, 音高, 程度, 推销演讲,..."
pine,"n. 松树, 松木；v. 思念"
versus,"prep. 对抗, 对比"
offensive,"adj. 冒犯的, 令人作呕的, 进..."
boom,"n. 繁荣期, 热潮, 帆杆, 轰..."
appoint,"v. 任命, 指定"
dominant,"adj. 主导的, 显性基因"
heritage,n. 遗产
wander,"v. 漫步, 走散, 走神, 扫视, ..."
naked,"adj. 赤裸的, 无遮盖的, 直白..."
economics,"n. 经济学, 经济影响"
anticipate,"v. 预料, 预见, 期待, ..."
legacy,"n. 遗产；adj. 遗留系统, 传承"
extension,"n. 扩展, 扩建房间, 建筑扩建部..."
shrug,"v. 耸肩；n. 耸肩, 短外套"
legitimate,"adj. 合理的, 合法的, 婚生的"
orientation,"n. 基本信念, 主要目标, ..."
inflation,"n. 通货膨胀, 过度增长, 充气"
cope,v. 应对；n. 斗篷式长袍
flame,"n. 火焰, 火红色, 激情, 网络谩..."
cluster,"n. 簇, 群, 辅音丛；v. 聚集"
dependent,"adj. 依赖的, 上瘾的, 从属的；..."
depict,"v. 描绘, 描述"
flesh,"n. 肉, 肌肤, 果肉, 肉体欲望；v. ..."
operator,"n. 操作员, 经营者, 接线..."
mortgage,n. 按揭贷款；v. 抵押
sanction,"n. 制裁, 批准, 处罚；v. 批准, ..."
civilian,n. 平民；adj. 平民的
habitat,n. 栖息地
devote,"v. 投入, 献给"
ease,"n. 轻松, 舒适；v. 缓解, ..."
seize,"v. 抓住, 占领, 逮捕, ..."
nomination,n. 提名
summit,"n. 顶峰, 峰会"
gifted,"adj. 天才, 天赋"
acid,"n. 酸, 迷幻药；adj. 酸性的, 酸..."
odds,"n. 可能性, 困难, 赔率"
frustration,"n. 挫折感, 挫败, 受阻"
shore,"n. 海岸, 海滨, 沿海国家；v. 支撑..."
repeatedly,adv. 反复地
distinguish,"v. 区分, 使与众不同, 看清,..."
lung,n. 肺
discourse,"n. 论述, 话语；v. 论述，谈论, ..."
distinct,"adj. 清晰的, 不同的, 明确的"
basket,"n. 篮子, 一篮的量, 购物..."
portray,"v. 描绘, 刻画, 扮演"
moderate,"adj. 适度的, 温和的, 有..."
persuade,v. 说服
ghost,"n. 鬼魂, 阴影, 一丝, 重影；v. ..."
subsequent,adj. 随后的
carrier,"n. 运输公司, 军用运输工具, 携带..."
frequent,adj. 频繁的；v. 常去
miracle,"n. 奇迹, 奇迹般的成就"
exceed,"v. 超过, 违反, 胜过"
widespread,adj. 广泛
sin,"n. 罪, 犯罪, 罪恶；v. 犯罪；..."
script,"n. 剧本, 笔迹, 文字, 答卷, 脚本；..."
tactic,"n. 策略, 战术"
identification,"n. 识别, 察觉, 身份证明, 认同感, ..."
transformation,"n. 转变, 多元化转型"
headline,"n. 新闻标题, 新闻摘要；v. 加..."
venture,"n. 风险企业；v. 冒险前往, 谨..."
invasion,"n. 入侵, 涌入, 侵犯"
adequate,adj. 足够的
nonetheless,adv. 尽管如此
intensity,n. 强度
grocery,"n. 杂货店, 食品杂货；adj. ..."
exhibit,"v. 展出, 表现出；n. 展品, *..."
blanket,"n. 毯子, 覆盖层；adj. 全面的；..."
margin,"n. 页边空白, 优势, 利润, 安全..."
concrete,"adj. 混凝土制成的, 具体的, ..."
prescription,"n. 处方, 处方药, 开处方, ..."
recruit,"v. 招募, 寻求帮助, 组建团队；..."
brick,"n. 砖块, 积木, 靠谱的朋友；v. ..."
patch,"n. 斑块, 补丁, 眼罩, 徽章,..."
consensus,n. 共识
colonial,"adj. 殖民的, 美国殖民时期的；..."
sake,"n. 理由, 清酒"
gaze,v. 凝视；n. 凝视
pregnancy,n. 怀孕
reinforce,"v. 加强, 加固, 增援"
clue,"n. 线索；v. 提示, 使某人..."
occupation,"n. 职业, 消遣, 占领, 占用"
confusion,"n. 困惑, 混淆, 迷茫, 混乱"
sacred,"adj. 神圣的, 不容侵犯的"
formula,"n. 公式, 化学式, 方法,..."
collective,"adj. 集体的, 整体的；n. 集体..."
cognitive,adj. 认知的
attribute,"v. 归因于, 认为是...所作, *..."
dare,"vt. 敢于, 挑战；n. 挑战"
sigh,"v. 叹气, 叹着气说, 发出叹..."
homeless,"adj. 无家可归, 流浪者"
tunnel,"n. 隧道, 洞穴；v. 挖掘隧道"
defendant,n. 被告
fitness,"n. 健康, 适合"
grave,"n. 坟墓, 死亡, 重音符号；..."
lap,"n. 大腿上部, 一圈, 一段旅程；..."
container,"n. 容器, 集装箱, 花盆"
virtue,"n. 美德, 优点"
dramatically,"adv. 急剧地, 戏剧性地, ..."
architect,"n. 建筑师, 设计师, 系统架构师；..."
indication,"n. 迹象, 适应症"
rail,"n. 栏杆, 挂杆, 铁轨, *..."
anniversary,n. 周年纪念
couch,"n. 长沙发, 诊疗床；v. 表达"
alliance,n. 联盟
hypothesis,"n. 假设, 推测"
compose,"v. 作曲, 撰写, 组成, 镇静"
legend,"n. 传说, 传奇人物, 图例, 铭文"
regulate,"v. 用规章制度控制, 调节"
adolescent,n. 青少年；adj. 青春期的
norm,"n. 常规, 规范, 标准；v. 规范化"
resign,v. 辞职
organ,"n. 器官, 管风琴, 男性生殖..."
concerning,prep. 关于；adj. 令人担忧的
receiver,"n. 听筒, 接收器, 破产管理..."
ritual,"n. 仪式, 惯例；adj. 仪式性的, ..."
salmon,n. 鲑鱼
superior,"adj. 优于他人的, 职位更高..."
combat,"n. 战斗；v. 对抗, 战斗"
surgeon,n. 外科医生
stem,"n. 茎, 杯茎, 烟斗杆, 有茎的, ..."
counsel,"n. 建议, 律师；v. 提供咨询, 劝告"
log,"n. 原木, 日志, 对数；v. ..."
echo,"v. 回声, 发出回声, 附和..."
pill,"n. 药丸, 避孕药, 讨厌的人；v. ..."
sculpture,"n. 雕塑作品, 雕塑艺术"
compound,"n. 混合物, 化合物, 复合..."
bare,"adj. 赤裸的, 光秃秃的, ..."
integrate,"v. 整合, 融入"
slope,"n. 斜坡, 山坡, 坡度；vi. 倾斜"
subtle,"adj. 不易察觉的, 巧妙的, ..."
acceptance,"n. 接受, 赞同, 接纳, 承受"
pump,"v. 用泵抽送, 喷出, 快速上下移..."
sponsor,"v. 赞助, 承诺捐助, 资助..."
ethical,"adj. 伦理的, 道德的"
experimental,"adj. 实验性的, 实验的"
slam,"v. 砰地关上, 猛推, 猛击, ..."
civilization,"n. 文明, 人类文明, 文明之地"
melt,"v. 融化, 软化, 热化"
integrity,"n. 诚信, 完整性"
entitle,"v. 给予权利, 命名"
evident,adj. 明显的
essence,"n. 本质, 精华"
logic,"n. 逻辑思维, 合理理由, ..."
exclude,"v. 故意排除, 阻止加入, 认为不可能..."
harsh,"adj. 严厉的, 恶劣的, 刺..."
suburban,"adj. 郊区的, 古板的"
closet,n. 壁橱；adj. 隐藏的；v. 关在私室...
corridor,"n. 走廊, 走廊地带, 车厢过道"
interior,"n. 内部, 内陆, 内政；adj. ..."
pitcher,"n. 水罐, 大口罐, 投手"
retail,n. 零售；adv. 零售的；v. 零售...
march,"v. 齐步走, 快步行走, 游..."
reverse,"v. 使变得相反, 撤销决定, ..."
humanity,"n. 全人类, 人性, 仁慈, 人文学科"
correlation,n. 相关性
architecture,"n. 建筑设计艺术, 建筑风格*..."
administrative,adj. 行政的
occasional,adj. 偶尔的
elbow,"n. 胳膊肘, 肘部, 弯头；v. ..."
deadly,"adj. 致命的, 极大的, 强大的, ..."
dose,"n. 剂量, 量；v. 给...服药"
initiate,"v. 开始, 介绍, 接纳；n. 新..."
plead,"v. 恳求, 申辩, 主张, ..."
bay,"n. 海湾, 停车位, 凸窗区, 枣红..."
mainstream,"n. 主流思想；adj. 主流的, 普..."
implementation,n. 实施
suburb,n. 郊区
trunk,"n. 树干, 后备箱, 象鼻, 泳裤, 大箱..."
motivate,v. 激励
swallow,"v. 吞咽, 咽口水, 吞没, 耗..."
render,"v. 使成为, 提供, 呈递, 表..."
trap,"n. 陷阱, 圈套, 困境, 双轮..."
legislative,adj. 立法的
effectiveness,n. 有效性
lens,"n. 透镜, 镜头, 隐形眼镜..."
enforce,"v. 强制执行, 迫使"
companion,n. 同伴
inspector,"n. 督察, 检查员, 检票员"
fraud,"n. 欺诈, 骗子, 骗局"
contend,"v. 主张, 竞争"
array,"n. 阵列, 数组；v. 排列, 列阵"
nail,"n. 指甲, 钉子；v. 用钉子..."
assemble,"v. 聚集, 组装"
hallway,n. 走廊
burst,"v. 爆裂, 迸发, 胀满；..."
inevitable,"adj. 不可避免, 必然, 注定"
cave,"n. 洞穴；v. 坍塌，塌陷, 屈服..."
monster,"n. 怪物（故事中的）, 庞然大物,..."
facilitate,v. 促进
obstacle,"n. 障碍, 障碍物, 障碍栏"
overwhelming,adj. 压倒性的
rip,"v. 撕开, 扯下, 抓取, 转换..."
herb,"n. 香料植物, 草本植物"
crystal,"n. 晶体, 水晶, 水晶玻璃, ..."
integration,"n. 整合, 融合"
recession,"n. 经济衰退, 后退"
motive,n. 动机；adj. 发动的
ownership,n. 所有权
nightmare,n. 噩梦
inspection,n. 检查
supervisor,n. 主管
arena,"n. 竞技场, 领域"
consult,"v. 咨询, 商议, 查阅"
diagnosis,n. 诊断
consistently,"adv. 始终如一地, 持续不变地, 一..."
basement,n. 地下室
drift,"v. 漂流, 缓慢移动, 无计划..."
drain,"v. 排干, 排出液体, 喝光..."
questionnaire,n. 问卷
warrior,"n. 战士, 斗士"
prediction,n. 预测
bacteria,n. 细菌
privilege,"n. 特权, 特权地位, 荣幸..."
infrastructure,n. 基础设施
temple,"n. 寺庙, 太阳穴"
suck,"v. 吸, 含吮, 抽吸, ..."
random,"adj. 随机的, 陌生的, 随意的；..."
leap,"v. 跳跃, 猛冲, 猛增；n. 跳跃, 猛增,..."
wrist,n. 手腕
pond,"n. 池塘, 大西洋"
domain,"n. 领域, 域名, 领地, 定义域"
guilt,"n. 内疚, 有罪, 过失；v. 使感到内..."
cattle,n. 牛，牛只
weird,"adj. 奇怪的, 诡异可怕的；v. 使..."
dump,"v. 乱扔, 甩锅, 倾销, 转储, 随..."
database,n. 数据库
hence,adv. 因此
execute,"v. 处决, 执行, 完成, 创作, ..."
limb,"n. 肢体, 有特定肢体的, 大树枝"
ideology,"n. 意识形态, 思想观念"
railroad,"n. 铁路轨道, 铁路系统；v. 强迫, 施..."
endure,"v. 忍受, 持续"
radiation,"n. 放射性物质的辐射, 辐射..."
horn,"n. 角, 喇叭, 角质, 号角, 圆号；v. *..."
chronic,"adj. 慢性的, 长期患病的, ..."
replacement,"n. 替换, 替代品, 替代者"
innovation,n. 创新
strain,"n. 紧张, 精神紧张, 拉力..."
administer,"v. 管理, 执行, 施行, ..."
simultaneously,adv. 同时地
pad,"n. 垫子, 便笺簿, 肉垫, 擦..."
transmission,"n. 传递, 传输, 广播, ..."
trigger,"v. 引发, 启动, 触发；n. 扳..."
await,"v. 等待, 即将发生的事"
spill,"v. 溢出, 涌出；n. 溢出的液体, ..."
grace,"n. 优雅的动作, 礼貌, 风度..."
colony,"n. 殖民地, 移民群体, 聚居区, ..."
convict,v. 定罪；n. 罪犯
indigenous,"adj. 原生的, 本土的"
particle,"n. 颗粒, 小品词"
landing,"n. 着陆, 楼梯平台, 登陆, 码头..."
boost,"v. 促进, 偷窃；n. 帮助, ..."
bat,"n. 球棒, 蝙蝠；v. 击球, 拍打"
grip,"n. 紧握, 控制, 理解, *..."
sweat,"n. 汗水, 汗湿的, 辛苦, 运动服；v. ..."
undermine,"v. 逐渐削弱, 挖空基础"
traditionally,"adv. 传统上, 传统地"
ballot,"n. 无记名投票制, 选票, ..."
intelligent,"adj. 聪明, 有智慧, 智能"
rhetoric,"n. 修辞, 修辞学"
vitamin,n. 维生素
enthusiasm,"n. 热情, 爱好"
accommodate,"v. 提供住宿, 容纳, 接纳, 满足,..."
wilderness,"n. 荒野, 荒芜之地, 沉寂期"
mandate,"n. 授权, 任期, 命令, 托管权；v. ..."
chaos,n. 混乱
uncertainty,"n. 不确定性, 不确定的事物"
mechanical,"adj. 由发动机驱动的, 与机..."
format,"n. 格式, 开本, 数据格式；v. 排..."
canvas,"n. 帆布, 画布"
profound,"adj. 深刻的, 渊博的, 深..."
lobby,"n. 大厅, 游说团体, 议会大..."
trait,n. 特征
beam,"n. 光束, 梁, 平衡木, 灿烂..."
corruption,"n. 腐败, 腐化, 讹变, 损坏"
astronomer,n. 天文学家
turkey,"n. 火鸡, 火鸡肉, 失败之作, 笨蛋"
doctrine,"n. 教义, 主义"
genuine,"adj. 真实的, 真诚的"
thumb,"n. 拇指, 拇指套；v. 竖起..."
unity,"n. 团结一致, 和谐统一, 三一律..."
compromise,"n. 妥协, 协调方案, 妥协..."
exclusive,"adj. 专属的, 排外的, 高..."
scatter,"v. 撒播, 分散；n. 散布物"
convey,"v. 传达, 运送"
complexity,"n. 复杂性, 复杂方面"
twist,"v. 扭成某种形状, 以奇怪的..."
relieve,"v. 缓解, 减轻, 调剂, 接替, 解..."
residence,"n. 住所, 居住, 居留许可"
meaningful,"adj. 有意义的, 易懂且实用的,..."
sidewalk,n. 人行道
signature,"n. 签名, 签署, 特色"
suspend,"v. 悬挂, 暂停, 推迟, 停职, 悬浮"
rebel,"n. 反叛者, 叛逆者, 叛逆..."
spouse,n. 配偶
frozen,"adj. 冷冻保存的, 冰冷的, ..."
fluid,"n. 流体；adj. 流畅的, 易变的,..."
resume,"v. 重新开始, 回到座位；n. 简历"
theoretical,"adj. 理论的, 假设的"
sodium,n. 钠
pension,"n. 养老金, 小旅馆；v. 强制退休*..."
promotion,"n. 晋升, 升级, 推广, 促销"
delicate,"adj. 易受损的, 体弱的, 小巧精致..."
forehead,n. 前额
electrical,adj. 与电有关的
hook,"n. 钩子, 勾拳, 弧线球, 吸引人..."
bounce,"v. 弹回, 跳跃, 颠动, ..."
detective,"n. 侦探, 私家侦探"
compensation,"n. 赔偿, 薪酬, 补偿"
dedicate,"v. 致力于, 题献, 奉献"
altogether,"adv. 完全地, 总共, 总..."
carve,"v. 雕刻, 切肉, 开创"
belly,"n. 腹部, 凸起部分, 有某种类型的..."
portfolio,"n. 文件夹, 作品集, 投资..."
shuttle,"n. 穿梭车, 航天飞机, 梭子；v. 穿梭..."
invisible,"adj. 看不见的, 无形的（服务）"
engagement,"n. 订婚, 约会, 参与, ..."
transaction,"n. 交易, 处理"
ankle,n. 脚踝
counterpart,n. 对应的人
mild,"adj. 不严重, 温和, 不极..."
identical,"adj. 完全相同的, 同一事物"
amid,"prep. 其中, 环绕"
precise,"adj. 精确的, 准时发生的, ..."
residential,"adj. 住宅的, 提供住宿的"
structural,adj. 结构的
carbohydrate,"n. 碳水化合物, 主食"
diagnose,v. 诊断
theology,"n. 神学, 宗教教义体系"
liberty,"n. 自由, 自由身, 自由权, ..."
crawl,"v. 爬行, 爬动, 缓慢移动, ..."
oxygen,n. 氧气
provided,conj. 如果
promising,adj. 有前途的
conscious,"adj. 意识到的, 清醒的, ..."
determination,"n. 决心, 决定, 测定"
acquisition,"n. 获得, 购置物, 收购"
pit,"n. 坑, 矿井, 煤矿, 麻点, 果核, ..."
hug,"v. 拥抱, 抱住, 紧贴, 贴身；n. 拥抱"
equity,"n. 股权价值, 净资产价值, 普通股, ..."
doorway,n. 门口
departure,"n. 离开, 发车, 出发区,..."
guidance,"n. 指导, 制导"
elevator,"n. 电梯, 谷物升降机, 升降舵"
statue,n. 雕像
pursuit,"n. 追求, 追赶, 消遣"
oral,"adj. 口头的, 口腔的, 口腔发..."
clerk,"n. 店员, 前台接待员, 文..."
decent,"adj. 尚可的, 正派的, 得体..."
envelope,"n. 信封, 塑料文件袋"
fist,n. 拳头
endorse,"v. 公开支持, 代言, 记录违章, ..."
feedback,"n. 反馈, 反馈噪音"
thereby,adv. 由此
indicator,"n. 指标, 指示器, 转向灯"
spectrum,"n. 光谱, 频谱, 范围"
laser,n. 激光
bold,"adj. 勇敢的, 粗体, 醒目的；..."
expertise,n. 专业知识
reluctant,adj. 不情愿的
practically,"adv. 几乎, 实际地"
parade,"n. 游行, 阅兵式, 一连串, 商业..."
hint,"n. 暗示, 迹象, 微量, 提示；v. 暗示"
realm,"n. 领域, 王国"
blend,"v. 混合, 融合, 完美结合, 调配；n. ..."
recipient,n. 接受者
peel,"v. 削皮, 剥落, 脱皮；n. 果皮, 剥下..."
accounting,n. 会计
flip,"v. 快速翻转, 按动按钮, 用手指快速..."
bias,"n. 偏见, 天赋, 偏差, 斜裁；v. ..."
metaphor,n. 隐喻
candle,n. 蜡烛
judicial,adj. 司法的
entity,n. 实体
garbage,"n. 垃圾, 垃圾桶, 废话"
diplomatic,"adj. 外交的, 圆滑的"
minimize,"v. 最小化, 轻视, 最小化（..."
elegant,"adj. 优雅的, 设计精美的, ..."
reception,"n. 前台, 招待会, 反响, 接收效..."
automatically,"adv. 自动地, 不假思索地,..."
chin,n. 下巴
racism,"n. 种族歧视, 种族主义"
vanish,"vi. 突然完全消失, 不再存在"
confess,"v. 承认, 坦白, 忏悔, 听忏悔"
necessity,"n. 必要性, 必需品, 必然性"
banking,n. 银行业务
casual,"adj. 非正式的, 轻松的, 不经..."
gravity,"n. 引力, 严重性, 庄重"
diminish,"v. 减弱, 贬低"
intent,"n. 意图；adj. 专注的, 决意的,..."
isolate,"vt. 隔离, 分离出来, 分离用于..."
chop,"v. 切碎, 削减, 劈；n. 带骨肉排..."
assembly,"n. 议会, 集会, 组装"
productive,"adj. 多产的, 高效的, 产生..."
inventory,"n. 物品清单, 库存商品, 企业库存；..."
magnitude,"n. 大小, 星等, 震级"
hostage,n. 人质
steep,"adj. 陡峭的, 急剧的, 过高..."
popularity,n. 人气
alien,"n. 外国人, 外星人；adj. ..."
dynamic,"adj. 充满活力的, 不断变化的,..."
equation,"n. 方程式, 等同, 综合考量"
rage,"n. 暴怒, 暴怒行为；v. 大发雷..."
precious,"adj. 珍贵的, 宝贵的, 心..."
prohibit,"v. 禁止, 阻止"
realistic,"adj. 务实的, 切实可行的, 逼真的"
gathering,"n. 聚会, 收集"
outstanding,"adj. 杰出的, 未支付的, 显著的"
stumble,"n. 小挫折, 绊了一下, 口误；vi. ..."
artificial,"adj. 人造的, 人为的, 假的"
dawn,"n. 黎明, 开端；vi. 开始, ..."
automobile,n. 汽车
descend,"v. 下降, 斜降, 降临"
abstract,"adj. 抽象的, 抽象概念, 抽..."
tide,"n. 潮汐, 趋势, 浪潮, 情绪, 时节；v. ..."
readily,"adv. 轻易地, 毫不犹豫地"
revolutionary,"adj. 革命的, 革命性的；n. ..."
cooperate,"vi. 合作, 配合"
romance,"n. 短暂的浪漫恋情, 恋爱感..."
pillow,"n. 枕头, 靠垫；v. 枕着"
kit,"n. 工具包, 套件, 装备；v. 配备..."
hardware,"n. 硬件, 五金器具, 硬件设备"
seal,"v. 封口, 密封, 敲定, ..."
continent,"adj. 节欲的, 能控制排便的；n. ..."
circuit,"n. 回路, 电路, 巡回赛, 赛..."
annually,adv. 每年
shortage,n. 短缺
deadline,n. 截止日期
rear,"adj. 后面的；n. 后部, 臀部；v. ..."
processing,"n. 加工, 处理"
undertake,"v. 承担, 承诺"
ranch,n. 牧场
verbal,"adj. 语言的, 口头的, 动词的"
tribal,adj. 部落的；n. 部落成员
ridiculous,adj. 荒谬的
automatic,"adj. 自动的, 无意识的, 必..."
credibility,n. 可信度
sentiment,"n. 情感, 多愁善感"
divine,"adj. 神圣的, 极好的；v. 猜测, ..."
cart,"n. 马车, 手推车, 小推车, 购物车；..."
oversee,v. 监督
elder,"adj. 年长的, 两者中较年长者, 老；..."
inspiration,"n. 灵感, 灵感来源, 激励者, 灵光一现"
mate,"n. 朋友, 伙计, 同伴, *..."
trailer,"n. 拖车, 移动房屋, 活动房屋, 预告片"
genius,"n. 极高的智力或技能, 天才..."
monument,"n. 纪念碑, 历史建筑, 丰碑"
quest,n. 追寻；v. 追寻
sacrifice,"n. 牺牲, 祭品；v. 牺牲..."
bid,"n. 出价, 投标, 努力, 叫牌；..."
broker,"n. 经纪人, 股票经纪人, 调解人；v. ..."
treasure,"n. 宝物, 珍宝, 宝贝；v. 珍视"
accuracy,"n. 准确性, 准确度"
loyalty,n. 忠诚
talented,adj. 有天赋的
nominee,"n. 被提名者, 名义持有人"
gasoline,n. 汽油
stiff,"adj. 硬的, 肌肉僵硬的, 稠的, ..."
output,"n. 产量, 输出, 输出功率, 输出..."
slap,"v. 用巴掌打, 啪地放下, 发出啪..."
jaw,"n. 颌骨, 下巴, 口部, 夹口；v. 闲聊"
diabetes,n. 糖尿病
toxic,"adj. 有毒的, 有毒债务"
grief,"n. 悲痛, 令人悲伤的事, 烦恼"
mysterious,"adj. 难以理解的, 神秘的, ..."
donate,"v. 捐赠, 捐献"
tackle,"v. 努力解决, 与...交涉, 抢断, ..."
bow,"v. 鞠躬, 点头, 弯曲, 用弓..."
dignity,n. 尊严
parental,adj. 父母的
sword,n. 剑
barn,"n. 谷仓, 简陋的大房子, 车库"
specialize,v. 专攻
carpet,"n. 地毯, 覆盖层；v. 铺地毯, 覆..."
glory,"n. 荣耀, 神的荣耀, 辉煌；v. 以......"
protective,"adj. 保护的, 有保护欲的, ..."
tuck,"v. 塞进, 藏起, 盖好；n. 褶, 拉皮手..."
faint,"adj. 微弱的, 微小的, 虚弱的；v. 昏..."
dilemma,n. 两难
liability,"n. 法律责任, 累赘, 债务"
shallow,"adj. 浅的, 肤浅的, 浅呼吸的"
merchant,"n. 商人, 店主, 爱好者；adj. 海..."
stadium,n. 体育场
nest,"n. 鸟巢, 巢穴, 窝点, 家, ..."
refrigerator,n. 冰箱
lane,"n. 乡间小路, 小巷, 车道..."
ancestor,"n. 祖先, 祖先物种, 前身"
condemn,"v. 谴责, 判刑, 使陷入困境,..."
steam,"n. 蒸汽, 蒸汽动力, 水汽；..."
accent,"n. 口音, 重音, 音标符号..."
optimistic,adj. 乐观
cage,n. 笼子；v. 关进笼子
shrimp,n. 虾
equip,"v. 装备, 培训"
unite,"v. 团结, 联合"
wolf,n. 狼；v. 狼吞虎咽
rack,"n. 架子, 拉肢刑架, 肋排, 齿条；v. ..."
costume,"n. 古装, 戏服, 泳装"
statute,"n. 法规, 规章"
grin,v. 咧嘴笑；n. 咧嘴的笑容
productivity,n. 生产力
symbolic,adj. 象征性的
bless,"v. 保佑, 祝圣, 赞美上帝, ..."
hostile,"adj. 敌对的, 强烈反对的, ..."
agriculture,n. 农业
conceive,"v. 构思, 想象, 怀孕"
bankruptcy,n. 破产
bonus,"n. 奖金, 额外的好处"
vaccine,n. 疫苗
mixed,"adj. 混合的, 褒贬不一的, 多元文..."
collaboration,"n. 合作, 合作成果, 通敌"
patience,"n. 耐心, 毅力, 单人纸牌游戏"
orbit,"n. 轨道, 势力范围；v. 绕...运行"
spite,n. 恶意；v. 故意激怒
grasp,"v. 紧握, 理解, 抓住机会；..."
tropical,adj. 热带的
patrol,"n. 巡逻, 巡逻队, 童子军小..."
revelation,"n. 启示, 揭露, 天启"
willingness,n. 愿意
haul,"v. 拖, 艰难地移动, 强行带走, 传讯；..."
concede,"v. 承认, 认输, 让步"
wagon,"n. 货运车厢, 马车, 餐车"
spectacular,adj. 壮观的；n. 壮观的表演
ruin,"v. 彻底毁坏, 使破产；n. ..."
sheer,"adj. 纯粹的, 纯的, 陡峭的, 透明的；..."
immune,"adj. 免疫的, 不受影响的, 受..."
alongside,"adv. 旁边；prep. 旁边, 同..."
fascinating,adj. 迷人的
exotic,adj. 异国
bull,"n. 公牛, 雄象, 多头, 教皇诏书, 胡..."
clip,"n. 片段, 夹子, 别针, 修剪, 轻..."
thigh,"n. 大腿, 鸡大腿"
discourage,"v. 劝阻, 使气馁"
drawer,"n. 抽屉, 绘图员, 出票人"
coordinator,n. 协调员
intimate,"adj. 亲密的, 私密的, 营造..."
empire,"n. 帝国, 商业帝国, 势力范围"
secular,"adj. 世俗的, 尘世的"
cab,"n. 出租车, 驾驶室"
documentary,"n. 纪录片；adj. 文件的, 纪实..."
neutral,"adj. 中立的, 中性的, 不受..."
tender,"adj. 温柔的, 嫩的, 触痛的..."
progressive,"adj. 进步的, 渐进的, 进行时, ..."
conspiracy,n. 阴谋
republic,n. 共和国
casualty,"n. 伤亡人员, 受害者, 急诊室"
functional,"adj. 实用, 功能型, 可用"
execution,"n. 处决, 执行, 演奏"
terrific,"adj. 极好的, 巨大的"
instinct,"n. 本能, 直觉"
ministry,"n. 政府部门, 神职, 宗教服务"
instruct,"v. 指示, 教导, 告知, 聘请"
self-esteem,n. 自尊心
skull,"n. 头骨, 头脑"
verdict,"n. 判决, 定论"
manipulate,"v. 操纵, 熟练操作, 推拿"
cooperative,"adj. 合作的, 配合的, 合..."
loop,"n. 环形, 绳圈, 循环片段, ..."
practitioner,"n. 从业者, 实践者"
subsidy,n. 补贴
whip,"v. 用鞭子抽打, 快速移动, ..."
mushroom,"n. 蘑菇；vi. 迅速增长, 采蘑菇"
tragic,"adj. 悲惨的, 悲剧的"
mechanic,"n. 机械师, 力学, 机械学, 机械..."
jar,"n. 罐子, 一罐, 水罐, 一杯啤酒, 震动；..."
utilize,v. 使用
underlying,"adj. 潜在的, 底层的"
pork,"n. 猪肉, 政治拨款"
creativity,n. 创造力
sympathy,"n. 同情, 支持, 共鸣"
fisherman,n. 渔民
entrepreneur,n. 企业家
bureau,"n. 写字台, 衣柜, 办事处, 局"
syndrome,"n. 综合征, 综合表现"
ambition,"n. 雄心, 野心"
breeze,"n. 微风, 轻而易举的事；v. 轻松自..."
costly,"adj. 昂贵的, 造成严重问题的"
ambitious,"adj. 有抱负的, 宏大的"
presumably,adv. 大概
influential,adj. 有影响力的
translation,"n. 翻译, 译文, 转化"
uncertain,"adj. 不确定的, 易变的, 不明确的, ..."
metropolitan,"adj. 大城市的, 本土的"
dissolve,"v. 溶解, 使溶解, 解除, 逐..."
gut,"n. 肠道, 内脏, 大肚子,..."
booth,"n. 隔间, 摊位, 卡座, 解说席"
insert,"v. 插入, 添加；n. 插页, 插..."
helmet,n. 头盔
waist,"n. 腰部, 腰围, 腰型"
panic,"n. 恐慌, 恐慌状态；v. 恐慌"
crush,"v. 压碎, 挤压, 压皱, 镇压, ..."
cliff,n. 悬崖
minimal,adj. 最小的
cord,"n. 粗绳, 电线, 索状结构, 灯芯绒, ..."
cocaine,n. 可卡因
illusion,n. 错觉
anonymous,"adj. 匿名的, 普通的"
tolerate,"v. 容忍, 忍受, 耐受"
appreciation,"n. 欣赏, 理解, 感激, ..."
flexibility,"n. 适应性, 柔韧性"
scramble,"v. 攀爬, 争抢, 匆忙完成, 炒蛋, 加..."
decorate,"v. 装饰, 粉刷, 点缀, 授予..."
equivalent,n. 等价物；adj. 等值的
pulse,"n. 脉搏, 节拍, 脉冲, 豆类；vi. ..."
fixed,"adj. 固定的, 坚定的, 固定..."
momentum,"n. 势头, 动力, 动量"
donation,"n. 捐赠, 捐献"
sibling,n. 兄弟姐妹
irony,"n. 讽刺, 反语"
alley,"n. 小巷, 双打边线区"
interact,"vi. 互动, 相互作用"
midst,n. 中间
rival,n. 竞争对手；adj. 竞争的；...
short-term,adj. 短期的
punch,"v. 用拳头猛击, 打孔, 按按..."
passing,"n. 时间的流逝, 消逝, 通..."
persist,"v. 坚持, 持续"
icon,"n. 图标, 偶像, 圣像"
shed,"v. 丢弃, 脱掉, 掉落, 蜕皮, 照..."
franchise,"n. 特许经营权, 特许经营企..."
foster,"v. 促进, 寄养；adj. 寄养的"
legislature,n. 立法机关
consequently,adv. 因此
filter,"n. 过滤器, 滤光器, 转向信号灯..."
heal,"v. 痊愈, 治愈, 缓解"
fever,"n. 发烧, 热病, 狂热"
exploit,"v. 利用, 剥削, 充分利用, ..."
organism,"n. 生物体, 有机整体"
accessible,"adj. 可到达的, 无障碍的, ..."
sensation,"n. 感觉, 触觉能力, 强烈感觉, 轰动"
partially,adv. 部分地
shove,"v. 猛推, 塞入；n. 猛推"
charter,"n. 宪章, 章程, 特许状,..."
stove,"n. 取暖炉, 炉灶"
reminder,"n. 提醒物, 提醒"
consent,"n. 许可, 同意, 同意书；v. ..."
comprise,"v. 包含, 构成"
ecological,"adj. 生态的, 环保的"
surrounding,adj. 周围的
dam,"n. 水坝, 水库, 母兽, 橡皮障, ..."
outfit,"n. 一套服装, 团队, 装备；v. 配备"
unprecedented,adj. 前所未有
columnist,n. 专栏作家
preliminary,adj. 初步的；n. 准备工作
patent,"n. 专利权；adj. 专利的, 明显..."
gross,"adj. 总额, 明显错误的, ..."
texture,"n. 质地, 口感, 结构"
damn,"interj. 该死；adj. 讨厌, 非常；v. ..."
frontier,"n. 边界, 边疆, 前沿"
hormone,n. 激素
spray,"n. 喷雾, 喷雾剂, 喷雾器, 喷洒, 小..."
disclose,"v. 透露, 展示"
custody,"n. 监护权, 拘留"
oak,"n. 橡树, 橡木"
interfere,v. 干涉
beast,"n. 野兽, 野兽般的人, 讨厌的人..."
speculation,"n. 猜测, 投机"
uncover,"v. 揭开, 发现"
attendance,"n. 出勤, 出席人数"
behalf,n. 代表
innovative,adj. 创新的
installation,"n. 安装, 设备, 设施, 就职, 装..."
shark,"n. 鲨鱼, 骗子"
mill,"n. 磨坊, 工厂, 研磨器；v. ..."
stimulate,"v. 刺激, 激励"
tag,"n. 标签, 电子标签, 绰号, 附加..."
outsider,"n. 局外人, 圈外人, 不被看..."
fleet,"n. 舰队, 渔船队, 海军舰队..."
stance,"n. 立场, 站姿"
vertical,"adj. 垂直的, 纵向的, 纵向传..."
compel,"v. 强迫, 引起"
sensitivity,"n. 同理心, 艺术鉴赏力, ..."
instant,"adj. 立即的, 速食的；n. ..."
proclaim,"v. 宣告, 表明"
debut,"n. 首次演出；v. 首次亮相, 首..."
hike,"n. 远足, 大幅上涨；v. 远足, 徒步旅..."
scent,"n. 香味, 气味, 香水, 预感；v. 嗅到,..."
constitution,"n. 宪法, 体质, 构成, 建立"
stack,"n. 一摞, 大量, 工厂烟囱, 图书馆藏..."
sack,"v. 解雇, 洗劫, 擒杀；n. 麻袋, ..."
tray,n. 托盘
cease,v. 停止
inherit,"v. 继承, 遗传, 接手"
pioneer,"n. 先驱, 拓荒者；v. 开创"
shrink,"v. 缩水, 缩小, 退缩；n. 心..."
nasty,"adj. 糟糕的, 刻薄的, 危..."
wheat,n. 小麦
rational,"adj. 理性的, 明智的"
fierce,"adj. 凶猛的, 激烈的"
envision,"v. 设想, 想象"
aisle,n. 过道
protocol,"n. 外交礼仪, 议定书, 网络协议..."
weaken,"v. 削弱, 使虚弱, 动摇,..."
kingdom,"n. 王国, 领域, 界"
vocal,"adj. 声音的, 直言不讳的；..."
exclusively,"adv. 仅限, 完全"
marketplace,"n. 市场, 市集"
terrain,n. 地形
unfair,adj. 不公平的
risky,adj. 有风险的
deploy,"v. 部署军队或武器, 有效利用"
genre,n. 类型
distract,v. 分散注意力
merit,"n. 优点, 长处, 优秀成绩, ..."
chunk,"n. 大块, 大量, 语块"
ladder,"n. 梯子, 阶梯, 抽丝, 排名；..."
jungle,"n. 丛林, 险恶的环境, 丛林音乐"
migration,"n. 迁徙, 移民, 迁移"
invade,"v. 入侵, 涌入, 侵犯"
retailer,n. 零售商
hurricane,n. 飓风
density,"n. 密度, 存储密度"
coup,"n. 政变, 成功之举"
classify,"v. 分类, 划分, 列为机密"
curiosity,"n. 好奇心, 新奇事物"
ambassador,"n. 大使, 代表"
supportive,adj. 给予帮助的
journalism,n. 新闻工作
stimulus,"n. 促进因素, 刺激"
ecosystem,n. 生态系统
informal,"adj. 非正式的, 口语化的, ..."
likewise,"adv. 同样地, 也, 我也是"
feather,"n. 羽毛；v. 用羽毛覆盖或装饰,..."
dip,"v. 蘸, 下降, 切换近光灯, ..."
sphere,"n. 球体, 领域, 球形物, 圈层"
boast,"v. 吹嘘, 拥有；n. 自夸"
sole,"adj. 唯一的, 独有的；n. ..."
tighten,"v. 使更牢固, 收紧, 拉紧..."
pat,"v. 轻拍；n. 轻拍, 一小块黄油；adj. ..."
publicity,"n. 媒体关注, 宣传"
unfold,"v. 展开, 展现"
well-being,n. 幸福感
validity,"n. 有效性, 正确性"
weed,"n. 杂草, 水草, 烟草, 大麻, 懦..."
partial,"adj. 部分的, 偏爱的, 偏袒的"
compliance,"n. 合规, 顺从"
collar,"n. 衣领, 项圈, 箍环；v. 抓住, 拦住"
supposedly,adv. 据称
specialty,"n. 特色, 专长"
deem,v. 认为
glimpse,"n. 一瞥, 初步了解；v. 瞥..."
premise,n. 前提
artifact,n. 人工制品
mentor,"n. 导师, 指导者；v. 指导"
lightning,n. 闪电；adj. 极快的
excessive,adj. 过度的
disturb,"v. 打扰, 使不安, 弄乱, 扰乱"
disappointment,"n. 失望, 令人失望的人或事"
rib,"n. 肋骨, 肋排, 肋骨结构, 罗纹编织；..."
debris,n. 碎片
high-tech,"adj. 高科技的, 高技派的"
slavery,"n. 奴役, 蓄奴"
rod,"n. 杆, 鱼竿, 教鞭, 手枪"
ash,"n. 灰烬, 骨灰, 白蜡树, 白蜡木,..."
commodity,"n. 商品, 有用的东西"
mineral,"n. 矿物, 矿泉水"
hunger,"n. 饥饿, 饿, 渴望；v. 感到饥饿..."
spare,"adj. 空闲时间, 闲置的, ..."
cemetery,n. 墓地
equality,n. 平等
harassment,n. 骚扰
fame,n. 名声
striking,"adj. 引人注目的, 出众的"
likelihood,n. 可能性
wheelchair,n. 轮椅
toll,"n. 通行费, 伤亡人数, 钟声..."
embarrassed,"adj. 尴尬的, 拮据的"
rim,"n. 边缘, 轮辋, 带边缘的；v. 镶边"
suspicious,"adj. 怀疑的, 可疑的, 不信任的"
isolated,"adj. 偏僻的, 孤僻的, 孤立的"
cling,"vi. 紧紧抓住, 粘附, 依赖"
blink,"v. 眨眼, 闪烁；n. 眨眼"
eligible,"adj. 合格的, 理想结婚对象"
plunge,"v. 突然落下, 骤降, 陡降, ..."
processor,n. 处理器
demographic,"n. 人口统计数据, 人口群体；adj. ..."
refuge,"n. 避难所, 庇护所, 收容..."
chill,"n. 寒冷的感觉, 风寒, 恐惧感；v. 使..."
rally,"n. 集会, 拉力赛, 连续对打..."
legislator,n. 立法者
cheer,"v. 欢呼, 鼓舞；n. 欢呼声, ..."
steer,"v. 驾驶, 朝某个方向前进, ..."
outlet,"n. 专卖店, 直销店, 发泄途径, ..."
vendor,"n. 小贩, 供应商, 卖方"
intact,adj. 完整的
peanut,"n. 花生, 小钱"
thrive,v. 茁壮成长
elaborate,adj. 精心设计的；v. 详细说明...
chew,"v. 咀嚼, 啃咬；n. 咀嚼动作, 嚼糖, ..."
auction,n. 拍卖；v. 拍卖
steak,"n. 优质牛排, 肉排, 烹饪用牛肉块, ..."
shareholder,n. 股东
conception,"n. 概念, 构思, 受孕"
comply,v. 遵守
triumph,"n. 巨大的胜利, 胜利的喜悦*..."
comparable,adj. 可比较的
conscience,"n. 良心, 内疚感, 凭良心行事"
calculation,"n. 计算, 估算, 算计"
constraint,"n. 限制, 管制"
scratch,"v. 抓痒, 刮伤, 刮伤或损..."
interval,"n. 间隔, 幕间休息, 间歇, ..."
inevitably,"adv. 不可避免地, 必然地"
emotionally,"adv. 情感上, 令人动情地"
expedition,"n. 探险, 探险队, 快速出行"
similarity,"n. 相似度, 共同点"
lid,"n. 盖子, 眼睑"
dumb,"adj. 愚蠢的, 沉默的, 哑的；v. 使..."
bulk,"n. 主体, 大量, 体积；v. 增大, ..."
philosophical,"adj. 哲学的, 豁达的"
mortality,"n. 凡人皆有一死, 死亡率, 死亡"
sprinkle,"v. 撒, 撒上, 下小雨；n. 少量, 小雨"
conversion,"n. 转换, 皈依, 附加得分, ..."
patron,"n. 赞助人, 顾客"
municipal,adj. 市政府的
liver,"n. 肝脏, 肝"
harmony,"n. 和谐, 和声, 协调"
tolerance,"n. 宽容, 耐受性, 公差"
solely,adv. 仅
goat,"n. 山羊, 老色鬼"
peasant,"n. 小农, 粗人"
cruise,"n. 邮轮旅游；v. 乘船游览, 巡..."
neat,"adj. 整洁的, 爱整洁的, 小..."
formerly,adv. 从前
widow,n. 寡妇；v. 成为寡妇
deposit,"n. 首付款, 押金, 存款, 矿..."
brake,"n. 刹车装置, 阻碍；v. 刹车"
impulse,"n. 冲动, 脉冲, 推动力"
brutal,"adj. 残暴的, 直率的"
forbid,"v. 禁止, 阻碍"
predator,"n. 捕食者, 掠夺者"
voluntary,"adj. 自愿的, 无偿的, 志..."
poke,"n. 戳, 马力；v. 戳, 快速推动, 伸出,..."
valid,"adj. 合法的, 合理的, 系统接受的"
opt,v. 选择
forum,"n. 论坛, 网络论坛, 古罗马..."
soar,"vi. 迅速上升, 翱翔, 滞..."
enact,"v. 颁布, 扮演, 发生, 实施"
removal,"n. 移走, 清除, 免职, 搬家"
autonomy,"n. 自治权, 自主性"
thread,"n. 线, 线索, 细线, 帖子, ..."
landmark,"n. 地标, 里程碑, 历史遗迹"
fraction,"n. 一小部分, 分数, 馏分"
tourism,n. 旅游业
distinctive,adj. 独特的
threshold,"n. 门槛, 阈值, 开端"
suite,"n. 套房, 成套家具, 组曲, ..."
straw,"n. 稻草, 一根稻草, 吸管"
fragile,"adj. 易碎的, 脆弱的, 纤细..."
exhaust,"n. 废气, 排气管；v. 使筋疲力尽, 耗..."
globe,"n. 全球, 地球仪, 球体, 灯泡"
objection,n. 反对理由
blast,"n. 爆炸, 一阵强风, 喇叭..."
prevail,"vi. 盛行, 占上风, 战胜"
overnight,"adv. 在夜间, 很快地；adj. 过..."
denial,"n. 否认, 拒绝"
fragment,"n. 碎片, 片段；v. 破碎"
rental,"n. 租金, 租赁, 可租赁物"
warmth,"n. 温暖, 热情"
screw,"v. 用螺丝固定或拧紧, 拧转..."
undergraduate,n. 本科生
projection,"n. 预测, 投影, 投影图, 凸起, ..."
drill,"n. 钻头, 操练, 演习, 军事训练, 常..."
mansion,"n. 豪宅, 公寓大楼"
cottage,n. 小屋
authorize,v. 授权
charm,"n. 魅力, 迷人特质, 护身符, 咒..."
loyal,adj. 忠诚的
clay,n. 黏土
ego,"n. 自我价值感, 自我意识"
fare,"n. 车费, 乘客, 食物, 内容；v. ..."
availability,"n. 可用性, 空闲时间"
radar,n. 雷达
frown,v. 皱眉；n. 皱眉
molecule,n. 分子
retreat,"n. 撤退, 逃避, 改变主意, ..."
rubber,"n. 橡胶, 橡皮擦, 避孕套, 系列..."
rehabilitation,"n. 康复, 恢复名誉, 修复"
steadily,"adv. 逐渐地, 持续地"
youngster,n. 年轻人
premium,"n. 保险费, 溢价；adj. 优..."
contemplate,"v. 考虑, 思量, 沉思, 凝视"
overwhelm,"v. 击垮, 彻底击败, 使难..."
spark,"v. 引发, 发出火花；n. 火花, 电..."
fatigue,"n. 疲劳, 厌倦, 材料疲劳, 作训服, ..."
ironically,"adv. 讽刺地, 具有讽刺意味的是"
speculate,"v. 猜测, 投机"
marker,"n. 标记, 指标, 马克笔, 阅..."
bucket,"n. 桶, 铲斗, 一桶的量, 大量；v. ..."
meantime,n. 期间；adv. 与此同时
preach,"v. 布道, 宣扬, 说教"
substantially,"adv. 相当大地, 基本上"
marble,"n. 大理石, 弹珠, 弹珠游戏, 理智"
provoke,"v. 引起, 激怒"
trauma,"n. 心理创伤, 创伤经历, 外伤"
surveillance,n. 监视
explicit,"adj. 明确的, 直白的, 露骨的"
depart,"v. 离开, 离职"
magnetic,"adj. 能吸引金属的, 磁性的*..."
technician,"n. 技术员, 技术专家"
arrow,"n. 箭, 箭头"
devastating,"adj. 毁灭性的, 令人震惊的, 极具..."
soak,"v. 浸泡, 浸透, 渗入, 榨取；..."
transmit,"v. 发送信号, 传递, 传导"
mutter,"v. 低声抱怨, 小声抱怨；n. 低语声"
ribbon,"n. 丝带, 带状物, 绶带, 色带"
harvest,"n. 收获季节, 收获物；v. 收..."
slot,"n. 插槽, 时间段；v. 插入"
consecutive,adj. 连续的
spy,"n. 间谍；v. 从事间谍活动, 突..."
coordinate,"v. 协调, 协调动作, 搭配；n. 坐..."
riot,"n. 暴乱, 缤纷, 爆笑；v. 暴动"
nutrient,n. 营养素
severely,"adv. 严重地, 严厉地, 冷..."
citizenship,"n. 公民身份, 公民义务"
ridge,"n. 山脊, 隆起, 高压脊；v. 起棱"
frustrate,"v. 使沮丧, 阻止"
contributor,"n. 投稿人, 捐助者, 促成因素"
transit,"n. 运输, 经过, 公共交通..."
specify,v. 明确说明
seminar,"n. 研讨会, 培训会"
electronics,"n. 电子学, 电子技术应用, 电子元件"
dense,"adj. 密集的, 浓密的, 愚钝..."
articulate,"v. 清晰地表达, 清晰地说话*..."
swell,"v. 膨胀, 凸起, 增长, 增强, 情绪高涨；..."
cue,"n. 提示, 台词提示, 台球杆；..."
biography,n. 传记
hazard,"n. 危害；v. 猜测, 使冒险"
seldom,adv. 很少
compelling,"adj. 引人入胜, 不可抗拒, 令人信服"
tile,"n. 瓷砖, 瓦片, 棋子；v. 铺瓷砖, 平..."
economically,"adv. 在经济上, 节约地, 经济地"
vague,"adj. 模糊的, 含糊的, 思路..."
balanced,adj. 平衡的
convenience,"n. 便利性, 便利设施"
weave,"v. 编织, 编结, 穿梭, ..."
plea,"n. 恳求, 抗辩, 辩解"
sustainable,"adj. 可持续, 可持续的"
timber,"n. 林木, 木材, 木梁, 倒木"
bolt,"n. 插销, 螺栓, 闪电, 弩箭, 布卷；v. ..."
bulb,"n. 灯泡, 球茎, 球状物"
skilled,"adj. 熟练的, 需要专门技能的"
spine,"n. 脊柱, 核心, 勇气, 刺, 书脊"
cargo,n. 货物
devil,"n. 魔王, 恶魔, 淘气鬼, 家伙"
dock,"n. 码头, 港区, 泊位, 装卸平台, 被..."
marine,"adj. 海洋的, 航海的；n. 海军..."
epidemic,"n. 流行病, 爆发；adj. 流..."
trim,"v. 修剪, 剪掉多余部分, 装饰边缘；..."
fatal,"adj. 致命的, 毁灭性的"
warehouse,n. 仓库
inherent,adj. 固有的
accelerate,"v. 加速, 开始加速"
bronze,"n. 青铜, 古铜色, 青铜艺术品, 铜牌；..."
drown,"v. 淹死, 淹没, 盖过"
vacuum,"n. 真空, 空白, 吸尘；v. 用..."
spit,"v. 吐, 吐口水, 愤怒地说, 发出愤怒..."
dictate,"v. 命令, 支配, 口述；n. 命令"
stereotype,n. 刻板印象；v. 刻板印象
manual,"adj. 手工的, 手动的；n. 手册, 手..."
kneel,v. 跪下
laundry,"n. 待洗的衣物, 洗衣, 洗衣店"
naval,adj. 海军的
bore,"v. 使...感到无聊, 钻孔, 盯着看, 使..."
beloved,"adj. 深受喜爱的, 深受人们..."
retrieve,"v. 找回, 检索, 挽回"
tribute,"n. 致敬, 赞美, 贡品"
overseas,adj. 海外的；adv. 在海外
bizarre,adj. 怪异
nominate,"v. 提名, 任命, 指定"
devise,v. 设计
anchor,"n. 锚, 支柱, 主播；v. ..."
bargain,"n. 特价商品, 协议；v. 讨..."
skeptical,adj. 怀疑的
scrutiny,n. 仔细检查
suppress,"v. 镇压, 隐瞒, 抑制"
brass,"n. 黄铜, 铜管乐器, 黄铜饰品, 纪念..."
unfortunate,"adj. 不幸的, 遗憾的, 尴尬..."
intensive,"adj. 密集的, 精细的, 集约的"
betray,"v. 向敌人泄露秘密, 辜负信任, 违背..."
consistency,"n. 一致性, 稠度"
bureaucracy,"n. 官僚体系, 官僚政府"
videotape,n. 录像带；v. 录像
challenging,"adj. 挑战性, 挑衅性"
aboard,adv. 在船上
compassion,n. 同情
reproduce,"v. 复制, 重现, 繁殖"
beneficial,adj. 有益的
awkward,"adj. 令人尴尬的, 难以处理..."
worm,"n. 蠕虫, 寄生虫, 幼虫, 蠕虫病..."
complication,"n. 复杂情况, 并发症"
legendary,"adj. 传奇的, 传说般的"
authentic,"adj. 真实的, 准确的, 仿真的"
concession,"n. 让步, 许可, 优惠, 特许..."
restoration,"n. 修复, 恢复, 归还, 复辟"
dome,"n. 穹顶, 穹顶状物, 穹顶体育场"
inadequate,"adj. 不足的, 不胜任的"
editorial,adj. 编辑的；n. 社论
locker,n. 储物柜
subsequently,adv. 之后
merger,n. 合并
faithful,"adj. 忠诚的, 坚定的支持者, 忠贞..."
haunt,"v. （鬼魂）出没于, （不好的事..."
crude,"adj. 天然的, 粗鲁的, 未调..."
evoke,v. 唤起
completion,n. 完成
vein,"n. 静脉, 叶脉, 纹理, 矿脉, 一..."
surrender,"v. 投降, 交出；n. 投降, 屈..."
scar,"n. 伤疤, 心理创伤, 瑕疵, 岩壁光秃..."
variance,n. 差异程度
surge,"n. 强烈的情感涌动, 激增, ..."
sailor,"n. 船员, 水手"
inspect,"v. 仔细检查, 视察"
commentary,"n. 实况解说, 评注, 评论"
imperial,"adj. 帝国的, 英制的"
compensate,"v. 弥补, 赔偿, 补偿"
hover,"vi. 悬停, 徘徊, 靠近"
fossil,"n. 化石, 老顽固"
stunning,"adj. 惊艳的, 令人震惊的"
inappropriate,adj. 不合适的
viable,"adj. 可行的, 能存活的"
clarify,"v. 澄清, 提纯"
sketch,"n. 速写, 小品, 概要；v. 速..."
countless,adj. 无数的
copper,"n. 铜, 铜币, 警察"
upcoming,adj. 即将
pupil,"n. 学生, 瞳孔"
strive,v. 努力
neglect,"v. 忽视, 疏忽, 遗忘；n. 疏忽"
ward,"n. 病房, 选区, 被监护人；v. 防止..."
mound,"n. 土堆, 堆, 大量, 投手丘"
bang,"v. 猛击, 砰地关上, 猛放, 撞到, 发..."
tilt,"v. 倾斜, 偏向；n. 倾斜, 尝试"
rob,v. 抢劫
medieval,adj. 中世纪的
biologist,n. 生物学家
monetary,adj. 货币的
knot,"n. 结, 发髻, 缠结, 木节, 一小群人, ..."
antibiotic,n. 抗生素；adj. 抗生素的
prosperity,n. 繁荣
accumulate,v. 积累
prosecute,"v. 起诉, 公诉, 继续"
ray,"n. 光线, 希望之光, 鳐鱼, ..."
intervene,"v. 介入, 插话, 介于"
glow,"vi. 发光, 容光焕发, 神采奕奕, 呈..."
embody,"v. 体现, 包含"
dull,"adj. 无聊的, 暗淡的, 阴沉的, ..."
rug,"n. 地毯, 盖腿毯, 假发片"
raid,"n. 突袭, 搜查, 抢劫；v. 搜查, 突袭,..."
crown,"n. 王冠, 君主制政府, 王..."
fake,"adj. 假的, 仿制的；n. 赝..."
creep,"vi. 悄悄移动, 匍匐前进, 缓慢..."
crab,"n. 螃蟹, 蟹肉, 阴虱"
worthy,"adj. 值得拥有好事的, 值得..."
illustration,"n. 插图, 例证, 插画"
hydrogen,n. 氢
probability,"n. 可能性, 可能发生的事, 概率"
vinegar,n. 醋
capitalism,n. 资本主义
advisory,adj. 提供建议的；n. 警告
remedy,"n. 补救措施, 治疗法, 法律..."
inability,n. 无力
smash,"v. 打碎, 猛击, 冲破, ..."
manuscript,"n. 手稿, 手抄本"
morality,"n. 道德观念, 道德性, 道德..."
hopeful,"adj. 乐观的, 有希望的, ..."
disagreement,"n. 意见分歧, 不符"
mandatory,adj. 强制性的
dive,"vi. 头先入水跳水, 使用特殊..."
soda,"n. 苏打水, 一杯苏打水, 汽水, 碳酸钠"
lesser,"adj. 较小的, 小种；adv. 在较..."
junk,"n. 垃圾, 垃圾食品, 平底帆船；v. 丢弃"
stun,"v. 击昏, 使震惊, 使惊叹"
devoted,adj. 忠诚的
mature,"adj. 成熟的, 发育完全的, ..."
manufacture,"v. 批量生产, 捏造, 生成；n. 制..."
affection,"n. 喜爱, 爱意"
philosopher,"n. 哲学家, 深思者"
clutch,"v. 紧握, 突然抓住；n. 离合器踏板, ..."
breakdown,"n. 故障, 破裂, 细分, ..."
conceal,v. 隐藏
curl,"v. 使卷曲, 弯曲, 呈曲线移动, 撇嘴；..."
kidney,"n. 肾脏, 腰子"
goodness,"n. 善良, 营养"
healing,n. 治愈
literacy,"n. 读写能力, 素养"
destiny,n. 命运
solo,"adv. 独自的, 独奏的；adj. 单人..."
leak,"v. 泄漏, 渗入, 泄露；..."
greenhouse,n. 温室
trillion,"num. 万亿, 巨大的数量, ..."
parliament,n. 议会
expenditure,"n. 花费, 消耗"
homicide,n. 杀人
herd,"n. 兽群, 人群；v. 驱赶, 放牧"
passionate,"adj. 热情, 热衷"
addiction,n. 成瘾
probe,"n. 调查, 太空探测器, 探针, 探..."
psychiatrist,n. 精神科医生
pipeline,n. 管道
atom,n. 原子
snack,"n. 零食, 小事一桩；v. 吃零食"
migrant,"n. 移民, 候鸟；adj. 移民的, 季节..."
competence,"n. 能力, 权限, 技能"
supplement,"n. 补充物, 副刊, 附录, 附加费；..."
ink,"n. 墨水, 纹身；v. 上墨, 签署, ..."
distress,"n. 苦恼, 贫困, 遇险, 痛苦；..."
adaptation,"n. 适应, 改编作品, 适应性..."
memorial,"n. 纪念碑, 纪念物, 纪念仪..."
pledge,v. 承诺；n. 承诺
infect,"v. 传染, 使感染病菌, 感染"
paradigm,"n. 范式, 词形变化表"
backward,"adj. 向后, 倒退的, 落后的, 迟钝的；..."
appetite,"n. 食欲, 渴望"
hierarchy,"n. 等级制度, 领导层, 重要性排..."
offend,"v. 冒犯, 令人不快, 违法, 违背"
reconstruction,"n. 改造, 重建, 复制品,..."
sympathetic,"adj. 有同情心的, 赞同的, 讨..."
hostility,"n. 敌意, 强烈反对, 敌对行动"
temporarily,adv. 暂时地
spectator,n. 观众
comet,n. 彗星
bleed,"v. 流血, 放血, 榨取钱财, 排气,..."
cocktail,"n. 鸡尾酒, 冷盘拼盘, 混合物"
choke,"v. 窒息, 使窒息, 哽咽, 堵塞, 因紧..."
saint,"n. 圣徒, 圣人"
pesticide,n. 杀虫剂
delegate,"n. 代表, 与会代表；v. 授..."
rotation,"n. 旋转, 一周旋转, 轮换"
cautious,adj. 谨慎的
tremble,"vi. 颤抖, 轻微抖动；n. 颤抖的动作..."
affordable,adj. 实惠的
prejudice,"n. 偏见；v. 使产生偏见, 损害"
certificate,"n. 证明书, 结业证书；v. ..."
designate,"v. 正式命名, 任命, 标记；..."
mercy,"n. 仁慈, 幸事"
cult,"n. 狂热, 邪教, 宗教；..."
motel,n. 汽车旅馆
hatred,n. 仇恨
diameter,"n. 直径, 放大率"
enlist,"v. 请求帮助, 参军"
acute,"adj. 严重的, 急性病, 敏..."
predecessor,"n. 前任, 前身"
induce,"v. 劝说, 引起, 引产"
disclosure,"n. 披露, 披露的信息"
juvenile,"adj. 青少年的, 幼体的, 幼稚的；n. ..."
gown,"n. 礼服, 长袍, 防护服"
notably,"adv. 显著地, 非常"
correlate,"v. 相关, 相关联；n. 相关..."
halt,"v. 停止；n. 停止, 小站"
persistent,"adj. 坚持不懈的, 持久的"
torture,"n. 酷刑, 折磨；v. 拷打, 折磨"
exile,"n. 流亡, 流亡者；v. 流放"
chorus,"n. 副歌, 合唱曲, 合唱团, 歌舞队, ..."
roar,"v. 咆哮, 大声喊叫, 大声笑, 轰鸣着..."
architectural,adj. 建筑的
revive,"v. 恢复, 重新开始, 重演"
fountain,"n. 喷泉, 喷射流, 源泉"
revenge,"n. 报复, 复仇；v. 报复，复仇, ..."
sour,"adj. 酸的, 馊的, 不友善的；v. 变得..."
reside,v. 居住
empirical,adj. 经验的
caution,"n. 谨慎, 警方警告, 警示；v. 告..."
originate,"v. 开始, 创造, 源自"
lure,"v. 引诱；n. 诱惑物, 诱饵"
compile,"v. 汇编, 编译"
erupt,"v. （火山）喷发, 突然爆发, 情..."
loom,"vi. 隐约出现, 迫近；n. 织..."
notable,adj. 值得注意的；n. 名人
endorsement,"n. 支持, 代言, 违章记录"
cane,"n. 茎秆, 藤材, 支撑杆, 手杖, （体罚..."
fortunate,adj. 幸运的
commerce,n. 商业
forge,"v. 努力建立, 伪造, 锻造, ..."
disrupt,"v. 妨碍, 颠覆"
breakthrough,n. 突破；adj. 首创的
established,"adj. 确立的, 知名的, 法定的"
slim,"adj. 苗条的, 偏瘦的, 微薄的；v. 减..."
desirable,"adj. 值得拥有的, 性感的"
remains,"n. 剩余部分, 遗迹, 遗体"
alert,"v. 警告, 使注意；n. 警..."
allege,v. 声称
hut,n. 小屋
attain,"v. 通过努力获得, 达到"
dinosaur,"n. 恐龙, 老古董"
excite,"v. 使兴奋, 使过度兴奋, 激起强烈情..."
urgent,"adj. 紧急的, 急切的"
choir,"n. 合唱团, 唱诗班席"
pronounce,"v. 正确发音, 正式宣布"
banner,"n. 横幅, 横幅广告"
confine,"v. 限制, 关押, 卧床"
assertion,"n. 断言, 主张"
orthodox,"adj. 正统的, 东正教的"
outbreak,n. 爆发
strand,"n. 一缕, 线索, 海滨；v. 使..."
payroll,"n. 工资单, 工资总额"
orchestra,"n. 管弦乐团, 乐池座位"
grim,"adj. 严肃坚定的, 令人沮丧的, 阴..."
bead,"n. 珠子, 念珠, 小滴"
profitable,"adj. 盈利的, 有益的"
drought,"n. 干旱, 短缺"
uphold,"v. 维护, 确认"
commentator,"n. 评论员, 评论家"
hazardous,adj. 危险的
confirmation,"n. 确认, 坚振礼, 犹太成人礼"
believer,n. 信徒
merge,"v. 合并, 融合"
shaft,"n. 竖井, 杆, 轴, 辕, 光束, 剧痛, 尖..."
theft,n. 盗窃
convenient,"adj. 方便的, 近便的"
accommodation,"n. 住所, 膳宿, 妥协, 调节"
grind,"v. 碾碎, 磨面粉, 绞肉, 磨锋利,..."
prescribe,"v. 开药, 规定"
lone,"adj. 独自的, 单亲抚养的"
registration,"n. 注册, 注册证书, 车牌号, 点名"
courtesy,"n. 礼貌, 礼节；adj. 免费提供"
graphic,"adj. 图形的, 生动的；n. 图形"
subway,"n. 地铁, 地下通道"
circulation,"n. 血液循环, 流通, 发行..."
transplant,"v. 移植, 迁移；n. 器官移植, 移植器官"
explosive,"adj. 易爆炸的, 易怒的, 迅..."
illuminate,"v. 照亮, 阐明, 用灯光装饰, 使容光..."
venue,n. 场地
congressman,n. 国会议员
penetrate,"v. 穿透, 打入, 看穿, 理解, 被理解, ..."
canal,"n. 运河, 管"
grill,"n. 烤架, 烤肉架, 烤制的食物, 烧烤..."
innocence,"n. 无罪, 天真"
parameter,n. 参数
flaw,"n. 缺陷, 缺点, 瑕疵"
champagne,n. 香槟酒
optimism,n. 乐观
posture,"n. 姿势, 姿态；v. 故作姿态"
systematic,adj. 系统的
reassure,v. 使安心
rehearsal,"n. 排练, 预演, 复述"
invoke,"v. 援引, 唤起, 祈求, 调用, 召唤"
correspond,"vi. 对应, 相当, 通信"
discard,"v. 丢弃, 弃牌；n. 废弃物"
revival,"n. 复苏, 复兴, 重演"
restraint,"n. 限制, 克制, 约束, 安全..."
prospective,"adj. 预期的, 即将发生的"
murderer,n. 杀人犯
tin,"n. 罐头, 罐子, 食品罐, 烤..."
abundance,n. 大量
duration,n. 持续时间
despair,n. 绝望；v. 绝望
proposition,"n. 提议, 计划, 提案, 主张,..."
lime,"n. 石灰, 青柠, 青柠树, 椴树, 青柠色；..."
attendant,"n. 服务员, 护理员；adj. 伴随的"
atomic,"adj. 原子的, 原子能的"
holder,"n. 持有者, 支架"
portable,"adj. 便携的, 可移植的；n. 便携设备"
clarity,"n. 清晰易懂, 思维清晰, 清晰度"
moisture,n. 水分
trophy,"n. 奖杯, 杯赛, 战利品；adj. 炫..."
ironic,"adj. 讽刺的, 出乎意料的"
contradiction,"n. 矛盾, 反驳"
canyon,n. 峡谷
co-worker,n. 同事
shatter,"v. （使）粉碎, 粉碎, 使震惊"
descent,"n. 下降, 下坡, 出身"
startle,v. 使吃惊
gorgeous,"adj. 华丽, 绚丽"
tease,"v. 取笑, 逗弄, 吊胃口, 预告, 撕开, ..."
vow,v. 发誓；n. 誓言
semester,n. 学期
precision,n. 精确性
rigid,"adj. 严格, 固执, 坚硬"
jam,"n. 果酱, 拥堵, 卡住, 经济拮据..."
tumble,"v. 摔倒, 突然跌落, 快速下跌, 乱滚,..."
financially,adv. 财务上地
statistically,adv. 统计上
backup,"n. 后备支持, 数据备份"
psychiatric,adj. 精神科的
grid,"n. 网格, 坐标网格, 电网..."
rotate,"v. 旋转, 轮换"
recount,v. 重述；n. 叙述
spotlight,"n. 聚光灯, 聚光灯照射的光..."
settler,n. 定居者
magnificent,adj. 壮丽的
scrape,"v. 刮掉, 刮伤, 发出刮擦声, 勉强获..."
contrary,"adj. 相反的, 完全相反的, ..."
optical,"adj. 光学的, 有助于看清事物的"
ambulance,n. 救护车
prey,"n. 猎物, 受害者；v. 捕食, 利用..."
audit,"n. 审计, 审核；v. 审计, 旁听"
bump,"v. 意外撞到, 碰撞, 颠簸行进, 调动；..."
peculiar,"adj. 奇怪的, 特有的, 不舒服的"
enthusiastic,adj. 热情的
continually,"adv. 不停地, 持续地"
applicant,n. 申请人
supper,n. 晚餐
absent,"adj. 缺席的, 不存在的, 心..."
modem,n. 调制解调器
conceptual,adj. 概念的
modification,n. 修改
namely,adv. 即
visa,n. 签证
renew,"v. 重新开始, 续期, 重申..."
overhead,"adv. 头顶上；adj. 高悬的, 间接费..."
goose,"n. 鹅, 鹅肉, 母鹅, 傻瓜；v. 摸屁股,..."
fireplace,n. 壁炉
peach,"n. 桃子, 美人, 桃红色；adj. 桃红..."
nurture,"v. 培育, 促进发展, 滋养情感；n. 养育"
frighten,v. 惊吓
vivid,"adj. 生动, 鲜明, 清晰"
frightening,adj. 吓人
poison,"n. 毒药, 毒害；v. 毒杀, ..."
tenant,n. 租户；v. 租赁
furious,"adj. 非常愤怒的, 猛烈的"
undoubtedly,adv. 毫无疑问地
omit,"v. 省略, 疏忽"
ruler,"n. 统治者, 尺子"
noble,"adj. 高尚的, 贵族的, 宏伟..."
spider,n. 蜘蛛
obsession,"n. 执念, 着迷的事物"
certainty,"n. 确信, 确定性事物"
problematic,adj. 有问题的
damp,adj. 微湿的；n. 湿气；v. 弄湿
nutrition,"n. 营养, 营养物"
vocabulary,"n. 词汇量, 词汇, 术语, 词汇表"
melody,"n. 旋律, 歌曲, 音符序列"
electron,n. 电子
physicist,n. 物理学家
utterly,adv. 完全地
maple,"n. 枫树, 枫木"
cultivate,"v. 耕种, 种植, 培养"
microphone,n. 麦克风
realization,"n. 意识, 实现, 变现"
disposal,"n. 处理, 变卖, 食物垃圾处理器"
meadow,n. 草地
cherry,"n. 樱桃, 樱桃树, 樱桃木, 樱桃红；..."
defy,"v. 违抗, 难以, 战胜"
magical,"adj. 魔法的, 美妙的"
plug,"v. 堵塞, 填补, 推广, 枪击；..."
mining,n. 采矿
accordingly,"adv. 相应地, 因此"
lamb,"n. 小羊, 羊肉, 温顺的人；v. 产羔"
tempt,"v. 引诱, 吸引"
scrap,"n. 碎片, 少量, 残羹剩饭, 废品, 小..."
declaration,"n. 声明, 表白, 申报, 选举结果..."
academy,"n. 专科学校, 学会, 苏格兰中学..."
inject,"v. 注射, 注入, 注入活力, ..."
axis,"n. 轴, 坐标轴, 对称轴, 轴心"
narrator,n. 叙述者
suitcase,n. 行李箱
dual,adj. 双重的
supervise,v. 监督
precede,"v. 先于, 走在前面, 为...作序"
triangle,"n. 三角形, 三角铁, 三角关系, 三角板"
shield,"n. 盾牌, 防暴盾牌, 保护物, 防护罩..."
aspiration,"n. 抱负, 送气音"
substitute,"n. 替代品, 替补队员；v. ..."
supervision,"n. 监督, 指导"
calcium,n. 钙
gravel,n. 碎石
textile,"n. 纺织品, 纺织业"
precedent,n. 先例
nationalism,"n. 民族主义, 国家主义"
eternal,"adj. 永恒的, 不断的"
interpreter,"n. 口译员, 演绎者, 解释器"
calf,"n. 小腿肚, 小牛, 幼崽, 小牛皮革"
nursery,"n. 托儿所, 婴儿房, 儿童游戏室..."
collision,"n. 碰撞, 冲突"
verify,"v. 核实, 证实"
encompass,"v. 包括, 围绕"
creek,"n. 小溪, 溪流, 克里克人"
clan,"n. 氏族, 大家庭"
diplomacy,"n. 外交, 交际手腕"
mat,"n. 地垫, 垫子, 桌垫, 缠结"
spice,"n. 香料, 趣味, 合成大麻素；v. ..."
immense,adj. 巨大的
confused,"adj. 困惑的, 混乱的"
hop,"v. 单脚跳, 双脚跳, 快速前往, 上车,..."
instrumental,"adj. 起重要作用的, 乐器的*..."
independently,"adv. 独立地, 公正地, 自信地, 经..."
aftermath,n. 后果
dean,"n. 教长, 主任牧师, 系主任, 训导主..."
astronaut,n. 宇航员
useless,"adj. 无用的, 不擅长的"
reproduction,"n. 繁殖, 复制, 重放, 复制品"
crust,"n. 面包皮, 馅饼皮, 地壳, 硬壳；v. ..."
gasp,"v. 倒吸一口气, 喘气, 渴望；n. 倒吸..."
altar,n. 祭坛
flu,n. 流感
millennium,"n. 一千年, 千禧年"
mosquito,n. 蚊子
unconscious,"adj. 无意识的, 不由自主的*..."
guardian,"n. 守护者, 监护人"
obey,v. 服从
divert,"v. 使转向, 转移用途, 转..."
thoughtful,"adj. 沉思的, 体贴的, 深思熟虑的"
vine,"n. 葡萄藤, 藤蔓"
permanently,adv. 永久地
simulation,"n. 模拟, 假装"
methodology,n. 方法论
passive,"adj. 被动的, 被动语态的；n. ..."
awaken,"v. 唤醒, 激发"
outrage,"n. 愤慨, 暴行；v. 激怒"
monopoly,"n. 垄断, 独占, 大富翁游戏"
nun,n. 修女
attachment,"n. 附件, 连接, 依恋, 信奉, 短..."
summon,"v. 传唤, 召唤, 请求帮助, 召集会议,..."
optional,adj. 可选的
cigar,n. 雪茄
breed,"v. 繁殖, 培育, 导致, 培养；..."
haven,n. 避难所
mobility,"n. 移动性, 自由移动的能力"
assurance,"n. 保证, 自信, 人寿保险"
jerk,"v. 猛拉；n. 猛拉, 粗鲁的人, 辣味烤肉"
consultation,"n. 商议, 会谈, 就诊, 查阅"
liquor,"n. 烈酒, 酒类"
dioxide,n. 二氧化物
accountable,adj. 有责任的
affirm,"v. 肯定, 支持, 维持原判, 鼓励"
sip,v. 小口喝；n. 一小口
span,"v. 持续, 涵盖, 横跨；n. 持续时间, ..."
linger,"vi. 逗留, 流连, 回味, 苟延..."
applaud,"v. 鼓掌, 称赞"
stabilize,v. 使稳定
cube,"n. 立方体, 小方块, 立方；v. 求立方..."
fax,"n. 传真机, 传真系统, 传真文件；v. ..."
underneath,"prep. 在...下面, 内在；n. 底部"
embassy,"n. 大使馆工作人员, 大使馆"
dim,"adj. 昏暗的, 光线不足的, 模糊的, ..."
injection,"n. 注射, 资金注入, 注入"
facial,adj. 面部的；n. 面部护理
plantation,"n. 种植园, 林场"
predictable,"adj. 可预测的, 一成不变的"
sunset,"n. 日落时分, 晚霞, 日落条款；adj. ..."
presume,"v. 推测, 推定, 假设, 冒昧"
excess,"n. 过量, 超出部分, 免赔额..."
proponent,n. 支持者
constituent,"n. 选民, 组成部分；adj. 构成的"
antique,adj. 古老的；n. 古董
polish,"n. 抛光剂, 抛光, 光泽, 精湛, 优雅；..."
dairy,"n. 乳制品, 奶制品厂, 乳品店, ..."
wit,"n. 机智风趣, 急智, 风趣幽..."
skate,"v. 滑冰, 滑滑板；n. 冰鞋, 轮滑鞋, ..."
fabulous,"adj. 极好的, 巨大的, 神话中的"
legitimacy,"n. 正当性, 合法性, 婚生子女身份"
intersection,"n. 交叉路口, 交叉"
curse,"n. 骂人的话, 诅咒, 祸根, 月经；v. ..."
deed,"v. 转让；n. 行为, 契据"
miserable,"adj. 非常不快乐的, 令人极..."
closure,"n. 永久关闭, 暂时封闭, 释怀"
machinery,"n. 机械, 机械装置, 机制"
erase,"v. 完全清除, 擦除, 删除"
terminal,"n. 航站楼, 终点站, 终端, ..."
shave,"v. 刮胡子, 略微降低；n. 刮脸"
institute,n. 研究所；v. 建立
irrelevant,adj. 不相关的
foolish,"adj. 愚蠢的, 尴尬的"
frightened,adj. 害怕的
ignorance,n. 无知
wetland,adj. 湿地相关；n. 湿地
embarrassment,"n. 尴尬, 令人尴尬的事, 令..."
amateur,"adj. 业余爱好的, 业余的, 业余水..."
cellular,"adj. 细胞的, 蜂窝的, 蜂窝状的"
competent,"adj. 有能力的, 合格的, 有..."
primitive,"adj. 原始的, 早期的, 简陋的, 原始..."
balcony,"n. 阳台, 楼座"
brow,"n. 额头, 眉毛, 山顶"
mosque,n. 清真寺
linear,"adj. 直线的, 线性的, 长度..."
excellence,n. 卓越
recycle,"v. 回收利用, 重复使用"
worship,"n. 崇拜, 阁下；v. 崇拜, ..."
harmful,adj. 有害的
coincidence,"n. 巧合, 同时存在, 意见一致"
resentment,n. 愤恨
dependence,n. 依赖
feminine,"adj. 女性的, 雌性的, 阴性的（语法）；..."
justification,n. 正当理由
tuition,"n. 教学, 学费"
destructive,"adj. 破坏性的, 有害的"
repetition,"n. 重复, 重复的事物"
niche,"n. 合适的位置, 利基市场, ..."
courtyard,n. 庭院
dividend,"n. 股息, 收益, 分红, 被除数"
terrify,v. 使害怕
revise,"v. 修正, 修订, 复习"
bark,"n. 树皮, 犬吠声, 短促的响声；v. 吠..."
fascinate,v. 强烈吸引
stab,"v. 刺, 猛刺；n. 刺伤, 刺痛, 尝试"
generator,"n. 发电机, 生成器, 创造者, 发电公司"
propaganda,n. 宣传
parallel,"adj. 平行线, 相似的, 并行..."
underscore,"v. 强调, 阐明；n. 下划线"
formulate,"v. 精心制定, 明确表达"
microwave,"n. 微波炉, 微波；v. 用微波炉加热"
incidence,"n. 发生率, 入射"
fulfill,"v. 实现, 满足, 履行, ..."
corrupt,"adj. 腐败的, 不道德的, 损..."
specimen,"n. 样本, 标本"
thorough,"adj. 彻底的, 周密的, 完全的"
obscure,"adj. 鲜为人知的, 晦涩的；v. 掩盖"
monk,n. 和尚
spectacle,"n. 眼镜, 壮观场面, 奇观, 引人注目..."
thrill,"n. 兴奋, 颤栗；v. 使兴奋"
heroin,n. 海洛因
outlook,"n. 世界观, 前景, 景色"
reproductive,adj. 生殖的
recreation,"n. 娱乐, 重现"
spatial,adj. 空间的
matrix,"n. 矩阵, 母体, 网格, 模具, 矩阵电..."
cone,"n. 圆锥形, 球果, 交通锥, 锥形..."
stroll,v. 散步；n. 漫步
nitrogen,n. 氮气
integral,"adj. 必不可少的, 内置的, ..."
respective,adj. 各自的
transparent,"adj. 透明的, 显而易见的, 易..."
rebound,"vi. 反弹, 反噬, 回升；n. 反弹, 篮板..."
circulate,"v. 循环, 传播, 分发, 周旋"
forecast,n. 预测；v. 预测
classification,"n. 分类, 类别, 生物分类, ..."
intriguing,adj. 引人入胜
maximize,"v. 使最大化, 充分利用"
absurd,"adj. 荒谬的, 荒谬的事物"
thrust,"v. 猛推, 刺；n. 要点, 猛推, 推力"
temptation,"n. 诱惑, 诱惑物"
reservoir,"n. 水库, 储备, 储液器"
strap,"n. 带子；v. 用带子固定, 包扎"
feast,"n. 宴会, 宗教节日, 享受；v. 尽情享用"
conductor,"n. 指挥, 列车长, 售票员, 导体"
analogy,"n. 类比, 打比方"
cigaret,"n. 香烟, 吸烟"
inhabitant,n. 居民
determined,"adj. 坚定的, 有决心的"
logo,n. 标志
intensify,v. 加强
sway,"v. 轻轻摇摆, 影响；n. 摇摆, 影响力"
upgrade,"v. 升级, 翻新, 升舱, 晋升；..."
erosion,n. 侵蚀
manifest,"v. 表明, 显现；adj. 明显的；..."
refusal,n. 拒绝
recreational,adj. 娱乐的
flush,"v. 脸红, 冲马桶, 冲洗, 冲走, 赶出；..."
lick,"v. 舔, 舔食, 轻舔, 轻松击败；n. 舔..."
align,"v. 对齐, 协调"
unaware,adj. 不知道的
predominantly,adv. 主要地
mighty,"adj. 强大的, 巨大的；adv. 非常"
idiot,n. 蠢人
defect,n. 缺陷；v. 叛逃
subjective,"adj. 主观的, 主格"
accountant,n. 会计师
vulnerability,n. 脆弱性
valve,"n. 阀门, 瓣膜, 活塞"
owl,n. 猫头鹰
slash,"v. 猛砍, 大幅削减；n. 劈..."
petition,"n. 请愿书, 诉状, 祈祷；v. 请愿..."
correspondence,"n. 往来信件, 通信行为, 对应关系"
artery,"n. 动脉, 主干道"
static,"adj. 静态的, 按压不动的；n. 静电..."
curator,"n. 策展人, 内容策划师"
mist,"n. 薄雾, 喷雾；v. 起雾, 含泪, 喷洒"
nonsense,"n. 胡说, 无意义的话, 荒谬..."
humble,"adj. 谦逊的, 自谦的, 出..."
thesis,"n. 学位论文, 论点"
audio,adj. 音频的；n. 音频
coefficient,n. 系数
cosmic,"adj. 宇宙的, 巨大的"
qualified,"adj. 有资格的, 有能力的, ..."
ponder,v. 深思
complicate,v. 使复杂化
sanctuary,"n. 野生动物保护区, 避难所, 安全..."
denounce,"v. 谴责, 告发"
stool,"n. 凳子, 粪便"
lounge,"n. 候机室, 休息厅, 起居室, 休闲区；..."
credible,"adj. 可信的, 有希望的"
tuna,n. 金枪鱼
revision,"n. 修改, 修订, 复习"
daylight,n. 日光
warrant,"n. 逮捕令, 授权书, 正当理由；..."
horizontal,"adj. 水平的, 平等的；n. 水平位置,..."
mattress,n. 床垫
exceptional,"adj. 卓越的, 罕见的"
wary,adj. 谨慎的
bundle,"n. 捆, 套装, 活宝, 一大笔钱；v. 推..."
saturated,"adj. 完全浸透的, 饱和的, 色彩浓..."
embed,"v. 嵌入, 派驻（随军记者）, 嵌..."
linen,"n. 亚麻布, 床品和桌布"
ozone,"n. 臭氧, 海边的新鲜空气"
robbery,n. 抢劫
memorable,adj. 难忘的
recorder,"n. 录音机, 竖笛, 记录法官, 记录员"
footstep,n. 脚步声
drip,"v. 滴落, 使液体滴落, 流露；n. 滴水..."
elevate,"v. 提升, 抬高, 提高, 振奋"
loosen,"v. 松开, 解开, 放松（握持）, 放宽"
intake,"n. 摄入量, 录取人数, 进气..."
lottery,"n. 彩票, 碰运气的事"
chore,"n. 常规任务, 乏味的任务"
fringe,"n. 刘海, 流苏, 边缘, 外围, 边缘群体；..."
lengthy,adj. 漫长的
hedge,"n. 树篱, 对冲；v. 回避, 围起, 限制,..."
tattoo,"n. 纹身, 军事表演, 鼓点信号；v. 纹身"
lease,n. 租约；v. 出租
murmur,"v. 低声说, 低语, 私下抱怨；n. 轻柔..."
coral,"n. 珊瑚, 珊瑚虫；adj. 珊瑚色"
appliance,n. 家用电器
circus,"n. 马戏团, 马戏表演, 闹剧, 圆形广..."
gauge,"n. 测量仪, 规格, 炮口径, 轨距, 衡..."
census,n. 人口普查
corps,"n. 军团, 特种部队, 团体"
inhabit,v. 居住于
quota,"n. 配额, 定额, 当选所需票数"
stride,"v. 大步行走；n. 一大步, 步态, 进展..."
excerpt,v. 摘录；n. 摘录
miniature,"adj. 微型的；n. 微型肖像画, 缩微..."
oversight,"n. 疏忽, 监督"
copyright,n. 版权；adj. 受版权保护的；...
reunion,n. 团聚
ripe,"adj. 成熟的, 醇厚的, 刺鼻的, 时机..."
viewpoint,"n. 观点, 视角"
snatch,"v. 一把抓住, 强行夺走, 抓紧时间获..."
coordination,"n. 协调, 协调性"
amazed,adj. 惊叹
jewel,"n. 宝石, 珠宝首饰, 宝石轴承, 珍宝"
accord,n. 协议；v. 给予
slogan,n. 口号
outrageous,"adj. 不公正的, 离谱的"
large-scale,"adj. 大规模的, 大比例尺的"
perch,"v. 栖息, 坐在高处边缘, 位于高处；..."
shrine,"n. 圣地, 纪念地"
individually,adv. 逐个地
albeit,conj. 尽管
mold,"n. 模具, 模式, 霉菌；v. 塑造, 贴合"
misery,"n. 极度痛苦, 贫困生活, ..."
nickname,n. 昵称；v. 取昵称
avenue,"n. 大道, 林荫大道, 途径"
addict,n. 成瘾者
dial,"n. 表盘, 旋钮, 拨号盘；v. 拨号"
marginal,"adj. 微小的，不重要的, 边..."
mustard,"adj. 芥末色；n. 芥末酱, 芥菜, 芥..."
berry,n. 浆果
ramp,"n. 斜坡, 匝道, 舷梯, T台；v. 逐..."
mug,"n. 马克杯, 一杯饮料, 脸, 容易受骗..."
relaxed,"adj. 放松的, 随意的, 宽松的"
hail,"v. 称赞, 招手叫停, 呼喊, 下冰..."
whatsoever,adv. 毫不
notify,v. 正式通知
garment,n. 服装
activate,v. 启动
naive,"adj. 天真的, 单纯的, 稚拙的"
exert,"v. 施加, 产生影响, 努力"
certification,"n. 认证, 资格证书"
kindergarten,n. 幼儿园
cereal,"n. 谷类植物, 谷物, 谷物早餐"
fracture,"n. 骨折, 断裂；v. 使断裂, 分裂"
turnover,"n. 营业额, 人员流动率, 商..."
sensible,"adj. 明智的, 实用的, 察觉到的"
pyramid,"n. 金字塔, 棱锥体, 金字塔形堆叠, ..."
bachelor,"n. 未婚男子, 学士学位获得者, 单..."
tract,"n. 道, 大片土地, 短文"
operational,"adj. 运营的, 可操作的, 作..."
convincing,adj. 令人信服的
decoration,"n. 装饰物, 装饰图案, 装..."
descendant,"n. 后代, 衍生品"
lump,"n. 块状物, 方糖, 肿块, 迟钝的人；..."
scarf,n. 围巾；v. 狼吞虎咽地吃
freeway,n. 高速公路
clash,"n. 冲突, 争执, 矛盾, *..."
upward,"adj. 向上的, 上升的"
newsletter,n. 通讯
mammal,n. 哺乳动物
multiply,"v. 乘, 增加, 繁殖"
pumpkin,n. 南瓜
imitate,"v. 模仿, 模仿（逗笑）"
configuration,n. 配置
velvet,n. 天鹅绒
notorious,adj. 臭名昭著
compost,"n. 堆肥；v. 堆肥处理, 施用堆肥"
cough,"v. 咳嗽, 咳出, 发出咳嗽般的声音；..."
stereo,adj. 立体声的；n. 立体声音响系统...
lethal,"adj. 致命的, 危害极大的"
olive,"n. 橄榄（果实）, 橄榄树, 橄榄色；..."
roller,"n. 滚轮, 巨浪, 卷发棒"
entail,v. 涉及
toast,"n. 烤面包片, 祝酒, 受欢迎的人；v. ..."
credential,v. 认证
swirl,"v. 旋转；n. 漩涡, 螺旋图案"
distraction,"n. 使人分心的事物, 消遣"
fling,"v. 猛扔, 猛力移动, 厉声说出；n. 一..."
livestock,n. 牲畜
basin,"n. 洗手池, 盆, 流域, 洼地, 港湾"
roam,"v. 漫游, 扫视"
heroic,"adj. 英勇的, 艰苦卓绝的, 英雄的, ..."
heir,"n. 继承人, 继承者"
foam,"n. 泡沫材料, 泡沫, 泡沫剂；v. 起泡"
offset,v. 抵消；adj. 胶印
insure,"v. 投保, 提供保险保障, 确保"
asteroid,n. 小行星
interface,"n. 用户界面, 接口；v. 接口连接"
bald,"adj. 秃头的, 光秃的, 直白的"
straightforward,"adj. 简单的, 坦率的"
anticipation,"n. 预先准备, 期待"
frustrating,adj. 令人沮丧
glorious,"adj. 光荣的, 壮丽的, 晴..."
honesty,n. 诚实
encouragement,n. 鼓励
crisp,"adj. 酥脆的, 坚实新鲜的, 干净利..."
selective,"adj. 有选择性的, 挑剔的"
fearful,"adj. 害怕的, 可怕的, 糟糕的"
sausage,n. 香肠
overturn,"v. 翻转, 推翻"
deprive,v. 剥夺
compact,"adj. 小巧的, 节省空间的, 紧密的, ..."
transcript,"n. 文字记录, 成绩单"
standpoint,n. 观点
empower,"v. 授权, 赋能"
mainland,adj. 大陆的
flourish,"v. 繁荣, 茁壮成长, 挥舞；..."
tug,"v. 用力拉, 拖拽；n. 拖船, 猛拉, 强..."
shiver,"v. 颤抖；n. 发抖, 打哆嗦"
lobster,"n. 龙虾, 龙虾肉"
solidarity,n. 团结
discharge,"v. 让…退伍, 让…出院, 释..."
saddle,"n. 马鞍, 车座, 脊肉；v. 备鞍"
lasting,adj. 持久的
occurrence,"n. 事件, 发生"
abundant,adj. 丰富的
prone,"adj. 易于, 易受伤害的, 俯卧的"
hose,"n. 软管, 长袜, 紧身裤；v. 冲洗"
aggressively,"adv. 咄咄逼人地, 积极地"
formidable,adj. 强大的
hammer,"n. 锤子, 拍卖锤, 琴槌, 击锤, 链球, ..."
burial,n. 埋葬
mobilize,"v. 动员, 调动"
vigorous,"adj. 精力充沛, 茁壮成长"
packet,"n. 小包装盒, 小包裹, 小..."
fond,"adj. 喜爱的, 喜欢的, 爱做..."
questionable,"adj. 可疑的, 不诚实的"
surplus,"n. 剩余量, 盈余；adj. 多..."
poise,"n. 沉着, 优雅姿态；v. 保持平稳"
marital,adj. 婚姻的
vicious,"adj. 凶残的, 有攻击性的, ..."
photographic,adj. 摄影的
surroundings,n. 周围环境
eagle,"n. 鹰, 老鹰"
wedge,"n. 楔子, 楔形物, 坡跟鞋, 挖起杆；..."
server,"n. 服务器, 发球方, 分餐器, 服务员..."
sandy,"adj. 多沙的, 浅黄褐色的"
tense,"adj. 紧张的, 情绪紧张的, 紧绷的, ..."
disturbance,"n. 干扰, 骚乱, 失调"
comparative,"adj. 比较的, 比较研究的, ..."
pharmaceutical,adj. 制药的；n. 药物
leisure,"n. 闲暇, 休闲活动"
prototype,n. 原型
vegetation,n. 植被
magnet,"n. 磁铁, 有吸引力的人或物, 小磁铁"
emit,v. 发出
acquaintance,"n. 熟人, 泛泛之交, 了解"
contempt,"n. 蔑视, 藐视, 藐视法庭"
seasonal,"adj. 季节性的, 应季的"
anthropologist,n. 人类学家
module,"n. 模块, 舱段"
ample,"adj. 充足的, 宽敞的"
disadvantage,v. 使处于不利地位；n. 不利条件
stripe,"n. 条纹, 军衔条, 类别"
potent,"adj. 强有力的, 有影响力的"
foremost,adj. 最重要的；adv. 最重要的是
exclaim,v. 大声说出
den,"n. 兽穴, 贼窝, 舒适小房间, 书房, ..."
sorrow,"n. 悲伤, 伤心事；v. 感到悲伤"
oyster,n. 牡蛎
adverse,adj. 有害的
conditioning,n. 条件反射
scholarly,"adj. 博学的, 学术的"
exaggerate,v. 夸大
pastry,"n. 面团, 糕点"
decisive,"adj. 决定性的, 果断的"
reactor,n. 核反应堆
volcano,n. 火山
jealous,"adj. 嫉妒的, 羡慕的, 珍视的"
molecular,adj. 分子的
greeting,n. 问候
arch,"n. 拱形结构, 拱门, 足弓, 拱形物；..."
pasture,"n. 牧场, 生活状况；v. 放牧"
rebellion,"n. 叛乱, 反抗, 叛逆"
constituency,"n. 选区, 选民, 支持者群体"
swamp,n. 沼泽；v. 淹没
dash,"n. 猛冲, 匆忙完成, 少量, 破折号, ..."
deliberate,"adj. 故意的, 慎重的；v. 仔细..."
fictional,adj. 虚构的
bait,"n. 诱饵；v. 放置诱饵, 逗弄, 纵犬攻击"
usage,"n. 词语用法, 使用量"
sore,"adj. 疼痛发炎的, 恼怒的；n. 疮"
reef,"n. 礁石, 帆；v. 收帆"
oath,"n. 誓言, 咒骂"
embargo,"n. 禁运, 禁令；v. 实施禁运, 禁止发表"
erect,"v. 建造, 竖立, 建立；adj. ..."
efficiently,adv. 高效地
implant,"v. 灌输, 植入, 着床；n. 植入物"
deficiency,"n. 缺乏, 缺陷"
blur,"n. 模糊影像, 模糊记忆；v. 使模糊, ..."
dietary,adj. 饮食的
fertilizer,n. 肥料
fairy,"n. 仙女, 娘娘腔"
altitude,"n. 海拔高度, 高地"
glare,"vi. 怒视, 刺眼；n. 强光, 怒视"
flashlight,n. 手电筒
recruitment,n. 招聘
handy,"adj. 方便的, 手边的, 手巧的"
oddly,"adv. 奇怪地, 令人惊讶地"
varied,"adj. 多种多样的, 变化的"
differentiate,"v. 区分, 区别, 区别对待..."
collaborate,"vi. 合作, 通敌"
succession,"n. 一系列, 顺序, 继任"
tricky,"adj. 难处理的, 狡猾的"
elk,"n. 麋鹿, 驼鹿, 慈善互助会会员"
remnant,"n. 残余, 布头"
cement,"n. 水泥, 水泥硬化物, 粘合剂, 凝聚..."
recite,"v. 背诵, 列举"
communal,"adj. 共有的, 社区的"
cuisine,"n. 烹饪风格, 菜肴"
wrestle,"v. 摔跤, 奋力移动, 苦苦思索"
interference,"n. 干涉, 干扰"
underestimate,"v. 低估, 轻视；n. 低估的估计"
spoil,"v. 破坏, 溺爱, 款待, 变质, 作..."
bacon,n. 咸肉
maturity,"n. 成熟, 到期"
devastate,"v. 彻底摧毁, 使震惊"
clause,"n. 从句, 条款"
navigate,"v. 导航, 航行, 应对, 浏览"
committed,adj. 忠诚的
robust,"adj. 强健的, 坚固的, 稳..."
bulletin,"n. 新闻简报, 公告, 简报"
ecology,n. 生态学
deployment,"n. 部署, 应用"
accessory,"n. 附件, 配饰, 从犯；adj. 次要的"
resent,v. 愤恨
terrace,"n. 排屋, 露台, 看台, 梯田"
continuity,"n. 连续性, 连贯性, 剧情连贯性"
indirect,"adj. 间接的, 非直接的, 委婉的, 迂..."
petty,"adj. 琐碎的, 心胸狭窄的, 轻微的"
temper,"n. 脾气, 怒气, 情绪, 性情；v. 缓和,..."
blossom,"n. 花朵；vi. 开花, 蓬勃发展"
spacecraft,n. 航天器
generic,"adj. 通用的, 非品牌的, 缺乏..."
marathon,"adj. 漫长的；n. 马拉松, 持久战"
globalization,n. 全球化
prestigious,adj. 有声望的
icy,"adj. 非常冷的, 覆盖着冰的, 不友..."
applied,adj. 应用的
massacre,"n. 大屠杀, 惨败；v. 屠杀, 完胜"
spur,"n. 马刺, 激励, 山嘴, 支路；v. 激励,..."
trench,"n. 沟渠, 战壕, 海沟"
whistle,"n. 哨子, 哨声, 口哨声, 呼啸声, 汽笛；..."
devotion,"n. 热爱, 投入, 虔诚, 祷告"
diesel,"n. 柴油, 柴油车"
astronomy,n. 天文学
insane,"adj. 疯狂, 暴怒, 惊人, 精神错乱, ..."
roster,"n. 排班表, 名单；v. 列入名单"
skeleton,"n. 骨骼, 骨瘦如柴, 骨架, 提纲, 骨..."
spawn,"v. 产卵, 引发, 产生；n. 鱼卵"
sew,v. 缝纫
inflict,v. 施加伤害
marked,"adj. 明显的, 具有特定特征的"
indict,v. 正式起诉
muddy,"adj. 泥泞的, 浑浊的, 暗淡的；v. 弄..."
turtle,"n. 海龟, 龟"
trio,"n. 三人组, 三重奏, 三重奏曲"
ferry,"n. 渡船；v. 摆渡, 运送"
leverage,"n. 影响力, 杠杆作用, 杠杆率, 杠杆..."
thereafter,adv. 此后
clergy,n. 神职人员
renewal,"n. 重新开始, 续约, 更新"
turmoil,n. 混乱
migrate,"v. 随季节迁徙, 迁移, 移动, 迁移系..."
perfection,"n. 完美, 完善过程"
keen,"adj. 渴望的, 热衷的, 非..."
rite,n. 仪式
offspring,"n. 子女, 后代"
mathematical,adj. 数学的
imaginary,adj. 想象的
orient,"v. 朝向, 定位, 适应"
archive,"n. 档案馆, 存档；v. 归档, 存档"
adhere,v. 粘附
receipt,"n. 收据, 收到, 收入"
pillar,"n. 柱子, 纪念柱, 柱状物, 中坚力量..."
uneasy,"adj. 焦虑的, 不稳定的, 令人不安..."
privileged,"adj. 特权, 荣幸, 保密"
carriage,"n. 车厢, 马车, 运输, 滑架,..."
messenger,n. 信使
artillery,"n. 大炮, 炮兵部队"
pavement,"n. 人行道, 铺石地面, 路面, 岩石平台"
moist,adj. 微湿的
relevance,"n. 相关性, 实用性"
mentality,n. 心态
postpone,v. 推迟
contention,"n. 争论, 论点"
tractor,"n. 拖拉机, 牵引车"
beneficiary,"n. 受益人, 遗产继承人"
ballet,"n. 芭蕾舞, 芭蕾舞表演, 芭..."
velocity,"n. 速度（有方向的）, 高速"
critically,"adv. 批评地, 关键地, ..."
pathway,"n. 小路, 途径, 通路"
reconcile,"v. 调和, 和解, 接受"
compartment,"n. 隔间, 车厢隔间"
hub,"n. 中心, 核心, 轮毂"
insult,n. 侮辱；v. 侮辱
asthma,n. 哮喘
usher,"n. 引座员, 法庭执达员, 婚礼引宾员；..."
fury,"n. 暴怒, 愤怒, 复仇三女神"
embark,v. 登船
spontaneous,"adj. 自发的, 冲动行事的, 自然发..."
slender,"adj. 苗条的, 细长的, 微薄的"
bloom,"n. 花, 红润；vi. 开花, 焕发活力"
perimeter,n. 周长
brochure,n. 宣传册
blouse,n. 女式衬衫
proximity,n. 接近
lettuce,n. 生菜
manifestation,"n. 表现, 显灵"
brace,"n. 夹具, 牙套, 背带, 腿部护具, 大..."
perfume,"n. 香水, 香味；v. 使...散发香味, 喷..."
matching,"adj. 相配的, 匹配的"
symbolize,v. 象征
flock,"n. 兽群, 人群, 会众, 填充物, 绒屑；..."
rivalry,n. 竞争
refine,"v. 提纯, 改进"
volatile,"adj. 情绪多变的, 不稳定的, 易挥..."
oval,"adj. 椭圆形的；n. 椭圆形, 澳式橄..."
rigorous,"adj. 严谨的, 严格的"
delighted,adj. 高兴
hurdle,"n. 栏架, 跨栏赛跑, 障碍；v. 跨过, ..."
canoe,n. 独木舟；v. 划独木舟
sturdy,"adj. 坚固的, 强健的, 坚定的"
broaden,"v. 变宽, 扩大范围, 增长见识"
definitive,"adj. 最终的, 最权威的"
workforce,"n. 劳动力, 劳动力人口"
propel,"v. 推动, 促使"
voyage,n. 航行；v. 航行
parsley,n. 欧芹
replicate,"v. 复制, 自我复制"
distort,"v. 扭曲, 歪曲"
swift,"adj. 迅速的, 高速移动的；n. 雨燕"
overweight,adj. 超重
undo,"v. 解开, 撤销, 破坏"
tab,"n. 标签页, 选项卡, 制表位, 拉环, ..."
stalk,"n. 茎, 柄；v. 潜近, 跟踪, 昂首阔步..."
intimidate,v. 恐吓
verge,"n. 路边；v. 濒临，接近, 接近..."
plague,"n. 鼠疫, 瘟疫, 虫灾；v. 困扰, 纠缠"
batch,"n. 一批, 批次, 批处理；v. 分批处理"
lace,"n. 蕾丝, 鞋带；v. 用带子系紧, 穿鞋..."
lord,"n. 勋爵, 爵位, 阁下, 大人,..."
deter,v. 威慑
expire,"vi. 到期, 终止, 死亡"
catastrophe,n. 灾难
adjacent,adj. 邻近的
withhold,v. 拒绝给予
ivory,"n. 象牙, 象牙制品, 象牙白"
embryo,"n. 胚胎, 萌芽"
coincide,"vi. 同时发生, 一致, 重合"
decorative,adj. 装饰性的
stark,"adj. 严酷且不可避免的, 非..."
lucrative,adj. 赚钱的
transcend,v. 超越
resistant,"adj. 不受影响的, 抵抗的, 耐...的"
violin,n. 小提琴
escort,"n. 护卫, 陪同人员, 付费陪伴；v. 护送"
dedicated,"adj. 专注的, 专用的"
stall,"n. 摊位, 畜栏, 隔间, 前排座位,..."
elicit,v. 引出
oblige,"v. 迫使, 帮忙"
vest,"n. 汗衫, 防护背心, 马甲；v. 授予"
inquire,v. 询问
bust,"v. 打碎, 突击搜查, 降级；n. 半身像..."
signify,"v. 表示, 表明, 有重要意义"
prestige,"n. 声望；adj. 带来尊重和重要性, ..."
bolster,v. 加强；n. 长枕
elevation,"n. 晋升, 海拔, 高地, 立面图, 升高"
linguistic,adj. 语言的
splash,"v. 溅落, 泼溅, 溅水, 泼洒色彩；n. ..."
vibrant,"adj. 充满活力的, 鲜艳的, ..."
backdrop,"n. 背景, 背景情况, 背景幕布"
stain,"v. 弄脏, 染色, 败坏名声；n. 污渍, ..."
imminent,adj. 即将发生
foil,"n. 锡箔, 锡纸, 衬托, 花剑；v. 阻止"
geographical,"adj. 地理的, 地理学的, 受地理位..."
rude,"adj. 粗鲁的, 下流的, 突然的, ..."
backwards,"adv. 向后, 倒序地, 变..."
bearing,"n. 关系, 仪态, 方位, 方位感, 轴承"
unveil,"v. 揭开, 发布"
frustrated,"adj. 沮丧的, 未实现的, 失意..."
landlord,"n. 房东, 店主"
uncommon,"adj. 不常见的, 非同寻常的"
animated,"adj. 充满活力的, 动画的"
deepen,"v. 加强, 恶化, 加深, 加深理解, 变..."
amusement,"n. 娱乐感, 娱乐活动, 娱乐状态"
curb,"v. 抑制；n. 限制措施, 路缘石"
implicit,"adj. 含蓄的, 隐含的, 完全的"
anthropology,n. 人类学
conquer,"v. 征服, 战胜, 克服"
interestingly,adv. 有趣地
dictator,"n. 独裁者, 独断专行的人"
composite,"adj. 复合的；n. 复合材料, 合成画像"
fetch,"v. 去取, 售得"
inhale,v. 吸入
forthcoming,"adj. 即将来临, 现成可用, 坦..."
circular,"adj. 圆形的, 循环的, 循环论证的, ..."
siren,"n. 警报器, 塞壬, 妖艳女子, 诱惑"
vacant,"adj. 空的, 空缺的, 茫然的"
width,n. 宽度
greed,"n. 贪婪, 贪吃"
deaf,"adj. 聋的, 聋人, 不愿听的"
incoming,"adj. 新当选的, 即将到来的"
complement,"v. 补充；n. 补充物, 满额, 补语"
weary,"adj. 疲倦的, 令人疲倦的, 厌倦的；..."
allocate,v. 分配
lush,"adj. 茂盛的, 赏心悦目的, 宜人的；..."
probable,adj. 可能的；n. 有希望的候选人
mourn,v. 哀悼
arguably,adv. 可以说
scarce,adj. 稀少的；adv. 勉强地
charitable,"adj. 慈善组织的, 帮助穷人的, 宽..."
siege,"n. 围困, 围堵"
paradox,"n. 悖论, 似是而非的论点"
barbecue,"n. 烧烤架, 户外烧烤；v. 烧烤"
pervasive,adj. 普遍存在
definite,"adj. 确定的, 清晰的, 有把..."
preside,v. 主持
discriminate,"v. 区分, 歧视"
disruption,"n. 中断, 颠覆"
strategist,n. 战略家
trademark,"n. 商标, 标志性特征；v. ..."
displace,"v. 取代, 使流离失所, 移动..."
territorial,"adj. 领土的, 有领地意识的"
catalog,"n. 目录, 一连串不幸事件；v. ..."
marsh,n. 沼泽
polar,"adj. 极地的, 磁极的, 对立的"
gradual,"adj. 逐渐的, 平缓的"
solitary,"adj. 独自的, 喜欢独处的, 孤零零..."
documentation,"n. 证明文件, 使用说明, 文..."
puppy,"n. 幼犬, 傲慢的年轻人"
slump,"vi. 暴跌, 沉重地坐下；n. 大幅下跌..."
remainder,"n. 剩余部分, 余数, 滞销书；v. ..."
prohibition,"n. 禁止, 禁制令, 禁酒时期"
coconut,"n. 椰子, 椰肉"
badge,"n. 徽章, 臂章, 象征"
navy,"n. 海军, 海军蓝"
void,"n. 虚空, 空虚感；adj. 缺乏, 无效..."
paradise,"n. 天堂, 乐园, 理想之地, 极乐, 伊..."
seafood,n. 海鲜
granite,n. 花岗岩
erode,"v. 侵蚀, 削弱"
hum,"v. 哼唱, 嗡嗡作响, 忙碌；n. 嗡嗡声"
synthetic,"adj. 人造的, 综合语的；n. 合成材料"
restrain,"v. 制止, 克制, 限制"
syrup,n. 糖浆
beverage,n. 饮料
mimic,"v. 模仿, 模拟；n. 模仿者"
illegally,adv. 非法地
wholly,adv. 完全地
pierce,"v. 刺穿, 穿透, 突破"
hybrid,"adj. 杂种的, 混合的, 混合动力的；..."
indulge,v. 放纵
pest,"n. 害虫, 讨厌的人"
lodge,"n. 乡间小屋, 门房, 门卫室, 分会, ..."
interim,"adj. 临时的；n. 过渡期, 临时..."
prairie,n. 草原
atmospheric,"adj. 大气的, 有氛围的"
commuter,n. 通勤者
serial,"adj. 连续的, 连载的, 按顺序..."
dwarf,"n. 矮人, 侏儒；adj. 矮小的；v. 使..."
surpass,v. 超越
infinite,"adj. 巨大的, 无限的；n. 永恒的事..."
gossip,"n. 闲话, 闲聊, 爱说闲话的人；v. 说..."
contradict,"v. 反驳, 矛盾"
muscular,"adj. 肌肉的, 肌肉发达的"
landfill,"n. 垃圾填埋场, 垃圾填埋, 待填埋..."
commute,"v. 通勤, 减刑, 兑换；n. 通勤路程"
temporal,"adj. 世俗的, 时间的, 颞的"
bilateral,"adj. 双边的, 两侧的"
lunar,adj. 月亮的
discrepancy,n. 差异
utter,adj. 完全的；v. 说
sincere,"adj. 真诚的, 不虚伪的"
intermediate,"adj. 中间的, 中级的；n. ..."
demise,"n. 消亡, 死亡"
enrich,"v. 丰富, 强化, 使富有"
submarine,"n. 潜艇, 潜艇三明治；adj. 海下的"
premature,"adj. 过早的, 早产的, 仓促的"
crater,"n. 火山口, 弹坑"
exploitation,"n. 剥削, 开采, 利用"
ditch,"n. 沟渠；v. 抛弃, 水上迫降, 逃学"
loaf,n. 一条面包；v. 游手好闲
cushion,"n. 软垫, 气垫, 缓冲, 台边；v. 缓冲,..."
twilight,"n. 黄昏, 衰落期"
adolescence,n. 青春期
comprehend,v. 完全理解
dispose,"v. 布置, 使倾向于"
squirrel,"n. 松鼠；v. 囤藏, 奔忙"
destine,v. 注定
royalty,"n. 王室成员, 版税, 矿区使用费"
superb,adj. 极好的
responsive,"adj. 反应迅速的, 反应热烈的, 响..."
understandable,"adj. 情有可原的, 易懂的"
evacuate,"v. 疏散, 撤离, 排泄"
descriptive,"adj. 描述性的, 描述性"
hardship,n. 艰苦
squash,"v. 压扁, 挤进, 压制；n. 壁球, 果汁..."
postcard,n. 明信片
pity,"n. 可惜, 怜悯；v. 同情"
relocate,v. 搬迁
affiliate,"v. 隶属, 加入；n. 分支机构"
elusive,adj. 难以捉摸
continuously,"adv. 连续地, 不断地"
immunity,"n. 免疫力, 免疫性, 豁免权"
reliance,n. 依赖
nucleus,"n. 原子核, 细胞核, 核心"
cater,v. 承办宴席
chess,n. 国际象棋
buffalo,"n. 水牛, 北美野牛"
blonde,"adj. 浅黄色的, 金发的；n. ..."
tornado,n. 龙卷风
camel,"n. 骆驼, 骆驼绒"
conform,"vi. 从众, 遵守, 符合"
worthwhile,adj. 值得的
bud,"n. 芽, 老兄；v. 发芽"
shipment,"n. 运送货物, 运送的货物"
admiration,n. 钦佩
overview,n. 概述
withstand,v. 承受
irrigation,"n. 灌溉, 冲洗"
expel,"v. 开除, 驱逐出境, 排出"
extinction,n. 灭绝
apparatus,"n. 设备, 机构, 器官系统"
scarcely,"adv. 几乎不, 刚...就, 完全不"
cabbage,"n. 卷心菜, 植物人"
slack,"adj. 松弛的, 清淡的, 懈怠的；n. ..."
lumber,"n. 木材, 废旧家具；vi. 蹒跚而行, ..."
prevalent,adj. 普遍的
benign,"adj. 善良温和的, 无害的, 非癌性的"
dedication,"n. 奉献精神, 落成典礼, 题献"
archeological,adj. 考古学的
boulder,n. 巨石
kidnap,v. 绑架
windshield,"n. 挡风玻璃, 挡风罩"
rugged,"adj. 崎岖的, 粗犷的, 坚韧的, 坚固的"
apt,"adj. 恰当的, 倾向于, 聪明的"
earnest,adj. 认真的
optimal,adj. 最优的
coherent,"adj. 连贯的, 表达清晰的"
simplicity,"n. 简易性, 朴素, 简单之处"
staple,"adj. 基本组成部分；n. 订书钉, U..."
confidential,"adj. 保密的, 表示机密的, 可信任..."
autobiography,n. 自传
sleek,"adj. 光滑亮泽的, 流线型的, 时髦..."
compatible,"adj. 兼容的, 和谐共存的, 志趣相..."
dune,n. 沙丘
rinse,"v. 冲洗, 漂洗, 清洗；n. 冲洗, 染发..."
staircase,n. 楼梯
susceptible,"adj. 易受伤害的, 易受感情影响的,..."
ambiguity,"n. 多义性, 多义词, 模糊不清"
relentless,"adj. 不懈, 不屈"
fixture,"n. 固定赛事, 固定装置"
crumble,"v. 弄碎, 逐渐瓦解, 垮掉；n. 水果酥饼"
canopy,"n. 顶篷, 树冠层, 遮阳篷, 座舱盖"
certify,"v. 书面证明, 颁发证书, 鉴定为精神..."
merchandise,"n. 商品, 周边产品；v. 推销"
periodically,adv. 定期地
maternal,"adj. 有母爱的, 母亲的, 母系的"
cynical,"adj. 愤世嫉俗, 悲观, 自私"
blunt,"adj. 不锋利的, 直言不讳的；v. 使..."
excel,"v. 擅长, 超越"
fungus,"n. 真菌, 霉菌"
gratitude,n. 感激之情
astronomical,"adj. 天文学的, 天文数字的"
emperor,n. 皇帝
hue,"n. 色彩, 类型"
triple,"adj. 三部分的, 三倍的；v. 使成三倍"
enzyme,n. 酶
intercept,"v. 拦截, 截球, 截获信息"
ambiguous,"adj. 模棱两可的, 不明确的"
cylinder,"n. 圆柱体, 储气罐, 气缸"
cafeteria,n. 自助餐厅
membrane,"n. 膜, 细胞膜, 隔膜"
preceding,adj. 先前的
allocation,"n. 分配额度, 分配"
dismantle,"v. 拆卸, 逐步废除"
honorable,"adj. 可敬的, 高尚的, 维护名誉的, ..."
communism,n. 共产主义
pave,v. 铺设
heap,"n. 一堆杂乱的东西, 大量, 破旧的..."
precaution,"n. 预防措施, 避孕措施"
fry,"v. 油炸, 晒伤；n. 鱼苗, 炸薯条"
glide,"vi. 平滑移动, 滑翔；n. 滑行, 滑音"
infectious,"adj. 传染性的, 传染源"
onset,n. 开始
infrared,adj. 红外线的
heated,"adj. 激烈的, 加热的"
invariably,adv. 总是
pottery,"n. 陶器, 陶土, 制陶, 陶坊"
qualitative,adj. 定性的
awe,n. 敬畏；v. 使敬畏
informant,"n. 线人, 信息提供者"
myriad,adj. 众多；n. 无数
scout,"n. 童子军组织, 童子军成员, 侦察..."
metro,"n. 地铁, 大都市；adj. 大都市的"
insufficient,adj. 不足的
folder,"n. 文件夹, 折页册"
exposed,"adj. 外露, 易受伤害, 有风险"
stew,"n. 炖菜；v. 炖, 深思"
antenna,"n. 触角, 天线"
plausible,"adj. 可信的, 花言巧语的"
energetic,adj. 精力充沛
secrecy,n. 保密
airborne,"adj. 在空中, 通过空气传播, 空降兵"
harass,"v. 骚扰, 袭扰"
ethic,"n. 道德准则, 道德规范, 伦..."
embarrass,"v. 使尴尬, 使陷入困境"
endanger,v. 危及
confer,"v. 商议, 授予"
daytime,n. 白天
thermal,"adj. 热的, 保温的, 地热的；n. 热..."
precinct,"n. 步行区, 选区, 警区, 区域"
arouse,v. 引起
shrub,n. 灌木
napkin,"n. 餐巾, 卫生巾, 尿布"
consolidate,"v. 巩固, 合并"
stressful,adj. 有压力的
unload,"v. 卸货, 清空, 倾诉, 抛售"
dental,"adj. 牙齿的, 齿音的"
affluent,adj. 富有的
cozy,"adj. 舒适温馨, 亲密私密, 暧昧不清；..."
exacerbate,v. 加剧
tangible,"adj. 实在的, 可触摸的"
feat,n. 壮举
groan,"v. 呻吟, 抱怨；n. 呻吟声, 抱怨"
militant,n. 好斗分子；adj. 好斗的
dwell,v. 居住
torch,"n. 手电筒, 喷灯, 火把；v. 纵火"
lurk,"vi. 潜伏, 隐藏, 潜水；n. 诡计"
terminate,"v. 终止, 终止于"
huddle,"vi. 挤在一起, 蜷缩身体, 私下商议；..."
attic,n. 阁楼
constellation,"n. 星座, 群"
beetle,n. 甲虫；v. 疾走
populate,"v. 居住于, 使定居, 填充"
maneuver,"n. 灵巧的动作, 策略, 军事演习"
pearl,"n. 珍珠, 人造珍珠, 珠母, 珍珠状物..."
probation,"n. 缓刑, 试用期, 察看期"
wreck,"n. 失事船只, 事故车辆残骸, 身心..."
subscriber,"n. 订阅者, 用户, 捐助者"
pirate,"n. 海盗, 盗版者, 非法广播..."
sewage,n. 废水
renowned,adj. 著名的
dusk,n. 黄昏
masculine,"adj. 有男子气概的, 雄性, 语法上..."
crumb,"n. 碎屑, 少许"
disposition,"n. 性情, 倾向, 布置, 处置"
allergy,n. 过敏反应
dart,"n. 飞镖, 飞镖游戏, 猛冲, 一阵强烈..."
reversal,"n. 反转, 逆转, 角色互换"
wax,"n. 蜡, 耳垢；v. 打蜡, 涂蜡, 蜜蜡脱..."
allegiance,n. 忠诚
graceful,"adj. 优雅的, 得体的"
socialism,n. 社会主义
wholesale,"adv. 批发, 大批的；adj. 批发的, ..."
disastrous,adj. 灾难性的
fusion,"n. 融合, 核聚变, 融合音乐, 融合菜"
adversary,n. 对手
voucher,n. 代金券
subsidize,v. 补贴
shovel,"n. 铲子, 铲斗；v. 铲"
puppet,"n. 玩偶, 傀儡"
chapel,"n. 小教堂, 礼拜堂, 教堂, 殡仪馆, ..."
throne,"n. 宝座, 王位"
intricate,adj. 复杂
pastoral,"adj. 牧灵的, 田园的, 畜牧的"
orchard,n. 果园
fingerprint,n. 指纹；v. 采集指纹
auditor,"n. 审计员, 旁听生, 听众"
renovation,n. 翻新
mural,adj. 壁画
glue,n. 胶水；v. 用胶水粘合
chord,"n. 和弦, 弦"
theatrical,"adj. 戏剧的, 夸张的"
turbine,n. 涡轮机
frenzy,n. 狂乱
incorrect,"adj. 不正确的, 不合规矩的"
mankind,n. 人类
baggage,"n. 行李, 辎重, 包袱"
veto,"n. 否决权, 否决；v. 否决, 拒绝"
showcase,"n. 展示平台, 展示柜；v. 展示"
bleak,"adj. 无望的, 阴冷的, 荒凉的"
setback,n. 挫折
veil,"n. 面纱, 修女头巾, 掩盖, 薄罩；v. ..."
traumatic,"adj. 令人痛苦的, 创伤性的"
renewable,"adj. 可再生的, 可延期的"
restless,"adj. 不安, 失眠"
cheerful,"adj. 快乐的, 令人愉快的"
crusade,"n. 圣战, 十字军东征；v. 投身于"
sunrise,"n. 日出时刻, 朝霞"
torso,"n. 躯干, 雕像躯干"
puzzled,adj. 困惑的
formulation,"n. 制剂, 表述"
diagram,v. 用图表表示；n. 示意图
comb,"n. 梳子, 梳头, 蜂巢, 鸡冠；v. 梳, ..."
hurl,"v. 猛投, 大声辱骂, 呕吐"
luggage,"n. 行李, 空行李箱"
furnish,"v. 为...配备家具, 提供"
friction,"n. 摩擦, 摩擦力"
segregation,"n. 种族隔离, 隔离"
analytical,adj. 分析的
aerial,"n. 天线；adj. 航拍的, 空中的"
kin,n. 亲属
voluntarily,"adv. 自愿地, 无偿地"
knowledgeable,adj. 博学的
prosperous,adj. 繁荣的
foliage,n. 叶子
unleash,v. 突然释放
pollutant,n. 污染物
giggle,"v. 咯咯地笑；n. 咯咯的笑声, 玩乐, ..."
respectable,"adj. 体面的, 值得骄傲的"
tariff,"n. 关税, 价目表, 法定刑罚"
examiner,"n. 考官, 检查员"
domination,"n. 支配, 主导地位, 压制"
ignorant,"adj. 无知的, 不了解的, 粗鲁的"
tick,"v. 滴答作响, 打勾；n. 勾号, 蜱虫, ..."
dine,v. 进餐
dispatch,"v. 迅速派遣, 发送信息, 迅速完成, ..."
disguise,"v. 伪装, 掩饰；n. 伪装物, 伪装术, ..."
hatch,"v. 孵化, 破壳, 策划；n. 舱口, 传菜..."
prolonged,adj. 长时间的
mediate,"v. 调解, 调停, 间接促成"
amend,v. 修改
imitation,"n. 仿制品, 模仿, 滑稽模仿"
raft,"n. 木筏, 充气筏, 大量"
arthritis,n. 关节炎
cram,"v. 硬塞, 临时抱佛脚"
nutritional,adj. 营养的
cathedral,n. 大教堂
spike,"n. 尖钉, 鞋钉, 钉鞋, 穗状花序, 激增；..."
sideways,"adv. 横向, 一侧向前；adj. 朝向侧..."
palette,"n. 调色板, 色系"
selfish,adj. 自私的
lament,v. 哀悼；n. 哀悼
ignite,v. 点燃
revolve,v. 旋转
alternate,"adj. 交替的, 间隔的, 替代的；v. 交..."
bully,n. 欺凌者；v. 欺负；interj. 好极...
arsenal,"n. 军火库, 兵工厂"
bracelet,n. 手镯
contaminate,"v. 污染, 毒害"
inhibit,"v. 抑制, 使拘束"
plight,"n. 困境；v. 誓约, 以庄严承诺..."
chaotic,adj. 混乱的
enormously,adv. 极其
hollow,"adj. 中空的, 深陷的, 发出空..."
default,"n. 默认, 违约；vi. 违约, 默认"
vibration,"n. 振动, 氛围"
merry,"adj. 欢乐的, 圣诞快乐, 微醺的"
disperse,"v. 分散, 散布"
sober,"adj. 清醒的, 戒酒的, 严肃的, 朴素..."
comrade,"n. 同志, 战友"
corresponding,adj. 相应的
nap,"n. 小睡, 绒毛, 赛马内幕消息；v. 小睡"
impair,v. 削弱
razor,n. 剃刀
constructive,adj. 建设性的
charcoal,"n. 木炭, 炭灰色"
intrinsic,adj. 固有的
starve,"v. 挨饿, 缺乏"
impatient,"adj. 不耐烦的, 迫不及待的*..."
reclaim,"v. 收回, 开垦, 恢复原貌, 回收利用,..."
sewer,n. 下水道
prevalence,n. 普遍性
fertile,"adj. 肥沃的, 能生育的, 多产的, 富..."
wield,"v. 行使, 挥舞"
slab,"n. 厚板, 厚片"
timely,adj. 及时的
daunting,adj. 令人畏惧
disgust,n. 厌恶；v. 使厌恶
prose,n. 散文
doom,n. 厄运；v. 注定失败
crest,"n. 顶峰, 纹章, 羽冠；v. 达到顶峰, ..."
rancher,n. 牧场主
layout,n. 布局
capsule,"n. 胶囊, 小容器, 太空舱, 蒴果"
hamburger,"n. 汉堡, 牛肉糜"
accidental,adj. 偶然的
lever,"n. 操纵杆, 杠杆；v. 用杠杆移动"
upright,"adj. 挺直的, 直立的, 正直的；adv. ..."
abolish,v. 废除
persistence,"n. 坚持, 持久"
yacht,"n. 游艇, 大型游艇"
feminism,n. 女权主义
autonomous,"adj. 自治的, 独立的, 自动的"
interstate,adj. 州际的；n. 州际公路
liner,"n. 邮轮, 衬里, 眼线笔"
librarian,n. 图书管理员
topple,"v. 摔倒, 推翻"
inferior,"adj. 较差的, 下级的；n. 下级"
reinforcement,"n. 增援, 强化"
morale,n. 士气
diversion,"n. 转向, 转移注意力, 绕行道路, 消遣"
vastly,adv. 非常
almond,n. 杏仁
distortion,"n. 失真, 歪曲"
subsidiary,"adj. 次要的, 从属的；n. 子公司"
prophet,"n. 先知, 穆罕默德, 预言家, 倡导者..."
reminiscent,"adj. 令人想起的, 怀旧的"
validate,"v. 证明...为真, 使...合法化, 批准, ..."
pragmatic,adj. 务实的
orphan,n. 孤儿；v. 使成为孤儿
graze,"v. 吃草, 放牧, 吃零食, 擦伤, 轻擦；..."
inn,"n. 小旅馆, 旅馆"
reel,"n. 卷轴, 短视频, 里尔舞；vi. 蹒跚, ..."
preview,"n. 预映, 预告报道, 预告片, 预览；..."
enlarge,v. 放大
alleviate,v. 减轻
comedian,"n. 喜剧演员, 搞笑的人"
mock,"v. 嘲笑, 蔑视；adj. 虚假的, 模拟物；..."
escalate,"v. 升级, 上报"
cruiser,"n. 巡洋舰, 游艇, 巡逻车"
discretion,"n. 自行决定权, 谨慎"
arbitrary,"adj. 任意的, 专横的"
scrub,"v. 擦洗, 取消；n. 擦洗, 灌木丛, 灌..."
stubborn,"adj. 固执的, 难以去除的"
rubble,n. 瓦砾
bathe,"v. 用水洗, 给...洗澡, 游泳, 沐浴在；..."
polished,"adj. 光滑闪亮的, 娴熟的"
resemblance,n. 相似性
avert,"v. 防止, 避开"
cavity,"n. 空腔, 蛀洞"
conjunction,"n. 连词, 联合, 合相"
detain,"v. 拘留, 耽搁"
genocide,n. 种族灭绝
novice,"n. 新手, 见习修士, 新马"
catastrophic,"adj. 灾难性的, 毁灭性的"
compliment,"n. 称赞, 敬意；v. 称赞"
blueprint,n. 蓝图
pedestrian,n. 行人；adj. 平淡的
nude,"adj. 裸体的, 展示裸体的, 肉色的；..."
residue,"n. 残留物, 遗产剩余"
agony,n. 剧痛
shorten,v. 缩短
applicable,adj. 适用的
accustom,"v. 习惯, 使习惯"
empathy,n. 共情能力
deteriorate,v. 恶化
collide,"vi. 碰撞, 冲突"
reap,"v. 获得, 收割"
feasible,adj. 可行的
mastery,"n. 精通, 掌控"
preventive,adj. 预防性的
arrogant,adj. 傲慢的
oneself,"pron. 自己, 亲自"
dubious,"adj. 不确定的, 可疑的, 不太好的"
facade,"n. 建筑物正面, 表面"
bypass,"n. 绕城公路, 搭桥手术；v. 绕开, 规避"
underlie,v. 基础
playwright,n. 剧作家
binoculars,n. 双筒望远镜
vent,"n. 通风口, 排泄孔, 开衩；v. 发泄"
eclipse,"n. 日食或月食, 失色；v. 遮蔽, 使相..."
foresee,v. 预见
harmless,"adj. 无害的, 无恶意的"
premier,"adj. 最重要的；n. 总理, 省长"
peril,"n. 极度危险, 危险源"
bracket,"n. 圆括号, 方括号, 价格区间, 支架；..."
paste,"n. 糊状物, 酱, 糨糊, 人造宝石；v. ..."
bruise,"n. 瘀伤, 碰伤；v. 使瘀伤, 挫伤"
wade,"v. 跋涉, 涉水"
poultry,"n. 家禽, 禽肉"
reign,"n. 统治时期, 领导时期；vi. ..."
enjoyment,"n. 快乐, 乐事, 享有"
automaker,n. 汽车制造商
patriotic,adj. 爱国的
cracker,"n. 薄脆饼干, 拉炮, 很棒的东西, 南..."
impeachment,n. 弹劾
advertiser,n. 广告商
procession,"n. 游行队伍, 行列"
genetics,n. 遗传学
perpetuate,v. 延续
moan,"v. 呻吟, 抱怨, 发出低沉的声音；n. ..."
lessen,v. 减少
fashionable,"adj. 时尚的, 上流社会流行的"
conquest,"n. 征服, 占领地, 被征服者, 攻克"
expectancy,n. 期待
inheritance,"n. 遗产, 遗传"
briefcase,n. 公文包
infamous,adj. 臭名昭著
quantitative,adj. 定量的
brink,n. 边缘
plum,"n. 李子, 梅红色；adj. 极好的"
cellar,"n. 地下室, 酒窖"
recede,"vi. 后退, 减弱, 发际线后退, 后缩..."
abound,v. 大量存在
allowance,"n. 津贴, 限额, 零花钱,..."
roast,"v. 烤, 焙炒, 痛斥, 调侃, 炙烤；n. ..."
kindness,"n. 善良, 善行"
repression,"n. 压制, 压抑"
lust,"n. 色欲, 强烈的欲望；v. 性欲, ..."
masterpiece,n. 代表作
culminate,v. 达到高潮
maze,n. 迷宫
watershed,"n. 分水岭, 分水岭时段"
drainage,"n. 排水方式, 排水系统"
multinational,adj. 多国的；n. 跨国公司
adore,"v. 深爱, 非常喜欢"
literal,"adj. 字面意思, 逐字的, 刻板的"
slippery,"adj. 滑的, 不可靠的, 难以理解的"
splendid,"adj. 壮丽的, 极好的；interj. 太好了"
discern,"v. 察觉, 分辨出"
foul,"adj. 脏臭的, 糟糕的, 说脏话的, 风..."
dove,"n. 鸽子, 鸽派人士；v. 跳水"
solicit,"v. 请求, 拉客"
ache,"v. 感到隐隐作痛, 渴望；n. 隐痛"
alarming,adj. 令人担忧
nasal,"adj. 鼻的, 鼻音的, 鼻腔发音的"
tentative,"adj. 暂定的, 犹豫的"
outing,"n. 短途旅行, 参赛, 出柜"
stagger,"n. 蹒跚；v. 蹒跚而行, 使震惊, 错开..."
parcel,"n. 包裹, 地块, 小馅饼；v. 打包"
wicked,"adj. 邪恶的, 调皮的, 非常强大的, ..."
spicy,"adj. 辛辣的, 刺激的"
intercourse,"n. 性交, 交流"
ornament,"n. 装饰品, 首饰, 装饰, 增色之物, ..."
uprising,n. 起义
endurance,n. 耐力
constrain,"v. 强迫, 限制"
pinch,"v. 捏, 捏住, 捏合缩放, 夹痛, 偷窃, ..."
orderly,"adj. 整齐的, 守秩序的；n. 护工, ..."
surf,"n. 海浪, 冲浪运动；v. 冲浪, 上网冲浪"
nationality,"n. 国籍, 民族"
flake,"n. 薄片, 不靠谱的人；v. 剥落, 使成..."
culinary,adj. 烹饪的
alcoholic,"adj. 含酒精的, 由酒精引起的,..."
appraisal,"n. 评估, 绩效评估"
saga,"n. 传奇, 长篇家世小说, 长篇故事"
explorer,n. 探险者
offshore,"adj. 近海的, 离岸的；v. 离岸外包；..."
superiority,"n. 优越性, 优越感"
biodiversity,n. 生物多样性
cubic,"adj. 立方, 立方单位, 立方体"
asylum,"n. 政治避难, 精神病院"
exemplify,"v. 例示, 举例说明"
pedal,"n. 踏板；v. 骑自行车, 踩踏板"
incapable,"adj. 无能力的, 无能的"
adulthood,n. 成年期
gigantic,adj. 巨大的
repertoire,"n. 剧目, 技能"
scrutinize,v. 仔细检查
rehearse,"v. 排练, 预演, 复述"
shuffle,"v. 拖着脚慢走, 踱步, 洗牌, 随机重..."
psyche,n. 心灵
loft,"n. 阁楼, 上层空间, 阁楼公寓, 抬高..."
uranium,n. 铀
lizard,n. 蜥蜴
marvel,n. 奇迹；v. 惊叹
tailor,n. 裁缝；v. 定制
ceramic,"n. 陶瓷制品, 陶瓷工艺；adj. 陶瓷..."
gem,"n. 宝石, 珍品"
compassionate,adj. 有同情心的
convene,"v. 召集, 集合"
wrinkle,"n. 皱纹, 褶皱；v. 使起皱纹, 起皱"
psychic,"adj. 超能力的, 超自然的, 心理的；..."
comprehension,"n. 理解能力, 阅读理解"
aspire,v. 渴望
pardon,"interj. 请再说一遍, 对不起；n. 赦..."
specification,n. 规格说明
aspirin,n. 阿司匹林
pier,"n. 码头, 桥墩"
bluff,"v. 虚张声势；n. 虚张声势, 悬崖；..."
slick,"adj. 华而不实的, 油嘴滑舌的, 娴..."
nickel,"n. 镍, 五分硬币"
geometry,"n. 几何学, 几何形状"
broccoli,n. 西兰花
ideally,"adv. 理想地, 理想化地"
breach,"n. 违反, 违约, 破裂, ..."
knob,"n. 旋钮, 球形把手, 球状物, 小块, ..."
tablet,"n. 平板电脑, 药片, 片剂, 碑, ..."
ineffective,adj. 无效的
cardboard,n. 硬纸板；adj. 不真实的
glacier,n. 冰川
polling,"n. 投票, 民意调查"
yoga,n. 瑜伽
sediment,"n. 沉淀物, 泥沙"
akin,adj. 相似的
evaporate,"v. 蒸发, 逐渐消失"
succumb,"vi. 屈服, 死亡"
radioactive,adj. 放射性的
seasoned,"adj. 经验丰富的, 调味的, 风干的"
simulate,v. 模拟
stature,"n. 声望, 身高"
forearm,"n. 前臂；v. 预装, 武装"
volleyball,n. 排球运动
intrigue,"v. 使感兴趣, 密谋；n. 阴谋, 密谋, ..."
graph,n. 图表
alignment,"n. 成直线排列, 结盟, 对齐"
stellar,"adj. 星体的, 极好的"
coarse,"adj. 粗糙的, 粗大的, 粗鲁的"
incumbent,"n. 现任者；adj. 现任的, 分内应尽的"
celebrated,adj. 著名的
fetus,n. 胎儿
catalyst,n. 催化剂
contour,"n. 轮廓, 等高线；v. 修容"
wardrobe,"n. 衣柜, 全部衣物, 戏装管理室"
doctoral,adj. 博士的
grease,"n. 润滑油, 动物油脂；v. 涂润滑油"
aviation,n. 航空
hawk,"n. 鹰, 鹰派人物；v. 叫卖, 咳出痰"
imaginative,adj. 富有想象力
mercury,n. 汞
hopeless,"adj. 无望的, 极差的, 不擅长的, 绝..."
pathetic,"adj. 可怜的, 无力的"
fasten,"v. 系紧, 关紧, 固定, ..."
decay,"n. 腐烂, 衰落, 衰变；v. 腐烂, 破败,..."
gulf,"n. 海湾, 波斯湾, 鸿沟, 深坑"
hen,"n. 母鸡, 雌鸟"
resonance,"n. 共鸣, 共振"
conserve,"v. 保护, 节约；n. 蜜饯"
bowling,"n. 保龄球, 投球"
durable,adj. 耐用的
sift,"v. 筛, 筛选, 分离"
bail,"n. 保释金, 板球横木；v. 保释, ..."
compass,"n. 指南针, 圆规, 范围"
novelty,"n. 新奇性, 新奇事物, 新奇小玩意儿；..."
outset,n. 开始
martial,adj. 军事的
cardiovascular,adj. 心血管的
repay,"v. 偿还, 报答, 值得"
irresponsible,adj. 不负责任的
stimulation,n. 刺激
jeopardize,v. 危及
chili,n. 辣椒
subscribe,"vi. 订阅, 定期捐助, 认购, 报名参加"
sprout,"v. 发芽, 涌现, 长出；n. 球芽甘蓝, ..."
spinal,adj. 脊柱的
eve,"n. 前夕, 夜晚"
heighten,v. 加强
gland,n. 腺体
latitude,"n. 纬度, 纬度地区, 自由度"
expressive,"adj. 表情丰富, 表达力强"
moose,n. 驼鹿
equate,v. 视为相等
yearn,v. 渴望
sociology,n. 社会学
theoretically,"adv. 理论上, 理论上可能地"
bound,"adj. 极有可能发生的, 受约束,..."
adorn,v. 装饰
unify,v. 统一
twisted,"adj. 扭曲的, 怪异的"
pharmacy,"n. 药店, 医院药房, 药剂学"
inaugural,adj. 首届的；n. 就职的
acceleration,n. 加速
wavelength,"n. 波长, 频道"
guru,"n. 古鲁, 专家"
cardiac,adj. 心脏的
contingency,"n. 偶发事件, 应急费用"
spiral,"n. 螺旋形, 恶性循环；adj. 螺旋的；..."
paw,"n. 爪子, 爪子（贬义）；v. 用爪子抓,..."
whirl,"v. 快速旋转, 头晕目眩；n. 旋转, 一..."
sovereign,"n. 君主, 索弗林金币；adj. 拥有主..."
plow,n. 犁；v. 犁地
flutter,"v. 快速轻快地移动, 快速上下拍动..."
incur,"v. 招致, 产生（费用）"
flicker,"vi. 闪烁, 闪现, 轻快地移动；n. 闪..."
brag,v. 自夸；n. 吹牛牌戏
hypothetical,adj. 假设的
delete,v. 删除；n. 删除按钮
plank,"n. 木板, 政纲, 平板支撑"
blaze,"vi. 熊熊燃烧, 闪耀, 怒目而视, 大..."
physiological,"adj. 生理的, 生理功能的"
carpenter,n. 木匠
glamorous,adj. 迷人的
slate,"n. 板岩, 石板瓦, 候选人名单, 石板..."
relaxation,"n. 休闲, 轻松, 松弛, 放宽"
souvenir,n. 纪念品
successive,adj. 连续的
conversely,adv. 相反地
biscuit,"n. 饼干, 司康饼, 饼干色"
vet,"n. 兽医, 兽医诊所, 退伍军人；v. 背..."
intern,"v. 拘留；n. 实习生, 实习医生"
consortium,n. 联盟
hesitation,"n. 犹豫, 踌躇"
apron,"n. 围裙, 停机坪, 台口"
nostalgia,n. 怀旧之情
accordance,"n. 一致, 同意"
coyote,n. 郊狼
uneven,"adj. 不平整的, 不规则的, 质量不..."
thunder,"n. 雷声, 雷鸣般的响声；v. 打雷, 发..."
waterfall,n. 瀑布
preclude,v. 阻止
litter,"n. 垃圾, 杂物堆, 猫砂, 一窝幼..."
exquisite,"adj. 精美, 强烈, 敏锐"
immerse,"v. 浸入, 沉浸"
petroleum,n. 石油
misunderstanding,"n. 误解, 误会"
swap,"v. 交换, 调换位置, 替换；n. 交换物..."
jealousy,"n. 嫉妒, 嫉妒行为"
flap,"n. 片状垂悬物, 拍打, 慌乱, 公众哗..."
plaza,"n. 广场, 购物广场, 服务区"
drastic,adj. 剧烈的
farewell,n. 告别；interj. 再见；v. 送别
ripple,"n. 涟漪, 波纹状, 余音, 涟漪效应；..."
patriotism,n. 爱国主义
advent,"n. 来临, 将临期"
imbalance,n. 不平衡
moderately,"adv. 适当地, 有节制地"
seam,"n. 接缝, 矿层"
alienate,"v. 使疏远, 使感到被排斥"
dolphin,n. 海豚
sting,"v. 刺, 刺痛, 激怒, 敲竹杠, 借钱；n. ..."
shortcoming,n. 缺点
exhaustion,"n. 精疲力竭, 耗尽"
longing,n. 渴望；adj. 渴望的
booster,"n. 助推器, 增压器, 加强针, 助推剂..."
idle,"adj. 懒散的, 闲置的, 失业的, 无意..."
ubiquitous,adj. 无所不在
pinpoint,"v. 精确确定, 精准识别；adj. 极其..."
scenery,"n. 风景, 舞台布景"
mince,"v. 切碎, 碎步走；n. 肉末"
pivotal,adj. 关键的
haze,"n. 薄雾, 烟雾, 迷糊；v. 使朦胧, 捉弄"
anatomy,"n. 解剖学, 解剖结构, 人体, 剖析"
dissent,"n. 持不同意见, 抗议判罚, 法官异..."
ragged,"adj. 破旧的, 衣衫褴褛的, 边缘不..."
celery,n. 芹菜
courageous,adj. 勇敢的
sculptor,n. 雕塑家
lavender,"n. 薰衣草, 干薰衣草花, 淡紫色"
disconnect,"vt. 断开电源连接, 停止服务供应, ..."
fragrance,"n. 好闻的气味, 香水"
grove,"n. 小树林, 果园, 林荫道"
authenticity,n. 真实性
converge,vi. 汇聚
trivial,adj. 不重要的
porcelain,n. 瓷器
scanner,n. 扫描仪
deception,"n. 欺骗行为, 骗局"
expanse,n. 广阔
buzz,"v. 嗡嗡作响, 像蜜蜂一样嗡嗡叫, 充..."
famine,n. 饥荒
socket,"n. 插座, 插口, 插槽"
clump,"n. 一簇, 沉重的脚步声；v. 重步行..."
cycling,n. 骑自行车
nebula,n. 星云
arrogance,n. 傲慢
aquatic,"adj. 水生的, 水上运动的"
lighter,"n. 打火机, 驳船"
harden,"v. 变硬, 加剧, 坚定, 使冷酷"
liaison,"n. 联络, 联络人, 私通"
cassette,"n. 盒式磁带, 胶卷盒"
directory,"n. 目录, 文件夹, 指示牌"
vapor,n. 水汽
dwelling,n. 住所
evacuation,n. 疏散
frank,adj. 坦率的；v. 盖邮资已付戳
clamp,"v. 用夹具夹紧, 紧紧固定, 给车轮上..."
hinder,v. 阻碍
irrational,adj. 不理性的
pristine,"adj. 崭新, 原始"
navigation,"n. 导航, 航行, 浏览"
alpine,adj. 高山的；n. 高山植物
plaster,"n. 灰泥, 石膏粉, 创可贴；v. 抹灰, ..."
abnormal,adj. 不正常的
redemption,"n. 救赎, 兑换"
bamboo,n. 竹子
prosper,v. 繁荣
heartbeat,"n. 心跳, 核心"
downward,adj. 向下的
plasma,"n. 血浆, 等离子体"
tread,"v. 踩, 踩踏, 小心行走；n. 步态, 轮..."
stifle,"v. 压制, 使窒息"
sentimental,"adj. 感性的, 多愁善感的"
insecurity,"n. 不安全感, 不安全"
synthesis,"n. 综合, 生物合成, 人工合成, ..."
inclination,"n. 倾向, 趋势, 倾斜, 点头"
inclusive,"adj. 价格全包, 包含的, 包含所有..."
pilgrimage,"n. 朝圣, 朝拜"
monumental,"adj. 重大的, 巨大的, 纪念碑的"
memorize,v. 记住
thyme,n. 百里香
superficial,"adj. 粗浅的, 表面的, 浅薄的"
reviewer,"n. 评论员, 审核员"
puff,"v. 吸（烟或烟斗）, 喷吐, 喘气, 喷着..."
rig,"v. 操控, 装配帆索, 安装设备；n. 钻..."
misunderstand,v. 误解
excursion,"n. 短途旅行, 尝试新事物"
superpower,"n. 超级大国, 超能力"
hallmark,"n. 特征, 纯度印记；v. 加盖纯度印记"
vocational,adj. 职业的
sharpen,"v. 使变锋利, 使敏锐, 使清晰, 提高,..."
satisfactory,adj. 满意的
asphalt,n. 沥青
subscription,"n. 订阅费, 捐款"
liable,"adj. 有赔偿责任的, 易发生..."
impending,adj. 即将发生
microscope,n. 显微镜
spear,"n. 长矛, 嫩茎；v. 刺"
dorm,"n. 大学宿舍楼, 集体宿舍"
ledge,"n. 岩架, 壁架"
overtime,"n. 加班, 加班费, 加时赛"
mediation,"n. 调解, 促成"
chimney,"n. 烟囱, 岩缝"
lateral,"adj. 侧面的；n. 侧枝, 横向传球, ..."
aroma,n. 香气
groove,"n. 沟槽, 节奏感"
relay,"n. 接力赛, 轮班组, 中继器；v. 转达..."
thwart,v. 阻挠
buffet,"n. 自助餐, 快餐店, 餐车, 餐具柜；..."
stint,n. 一段时间；v. 限制
fin,"n. 鳍, 尾翼"
dispense,"v. 分发, 提供, 配药"
jog,"v. 慢跑, 轻推；n. 慢跑, 轻推"
cruelty,"n. 故意伤害他人, 残忍行为, 不公..."
lantern,n. 灯笼
plateau,"n. 高原, 平台期；v. 进入平台期"
slaughter,"n. 屠宰, 屠杀；v. 屠宰, 屠杀, 击溃"
cosmetic,"n. 化妆品；adj. 表面的, 整容的"
lily,n. 百合花
retrospect,n. 回顾
socialize,"vi. 社交, 使社会化, 实行社会主义"
mingle,"v. 混合, 交际"
peripheral,"adj. 次要的, 外围的, 外设的；n. ..."
grapple,"v. 扭打, 努力解决"
stocking,"n. 长筒袜, 圣诞袜"
hospitality,"n. 热情好客, 待客服务"
floral,"adj. 花卉图案, 花卉制成"
imperative,"adj. 至关重要的, 命令式的, 命令的；..."
grammar,"n. 语法规则, 语法水平, 语法书"
indifferent,"adj. 漠不关心的, 一般的"
impoverished,"adj. 贫穷的, 贫瘠的"
respectful,adj. 恭敬
humidity,"n. 湿度, 潮湿"
martyr,"n. 烈士, 装可怜的人, 受难者；v. 使..."
ominous,adj. 不祥的
howl,"v. 嚎叫, 吼叫, 呼啸, 怒吼；n. 嚎叫..."
cricket,"n. 板球, 蟋蟀"
modernization,n. 现代化
rotten,"adj. 腐烂的, 极坏的, 不诚实的, 不..."
deceive,"v. 欺骗, 自欺, 误导"
coating,n. 涂层
crane,"n. 起重机, 鹤；v. 伸长脖子看"
ethanol,n. 乙醇
vodka,"n. 伏特加, 一杯伏特加"
relic,"n. 遗物, 圣物"
vie,v. 竞争
crow,"n. 乌鸦, 公鸡啼叫声；v. 啼叫, 吹嘘..."
variability,n. 可变性
churn,"v. 剧烈搅动, 翻江倒海, 使心烦意乱..."
irregular,"adj. 不规则的, 不定期的, 不守規..."
decree,"n. 法令, 判决；v. 颁布"
abstraction,"n. 抽象概念, 出神, 抽取"
transitional,adj. 过渡的
collaborator,"n. 合作者, 通敌者"
downturn,n. 经济衰退
prominence,n. 显著
butcher,"n. 屠夫, 肉铺, 刽子手；v. 屠杀, 屠..."
lesion,n. 损害
temperament,"n. 气质, 脾气"
cannon,"n. 加农炮, 机炮；v. 猛撞"
oblivious,adj. 茫然
multitude,"n. 大量, 大众, 人群"
knit,"v. 编织, 织针法, 紧密连接, 愈合；..."
chilly,"adj. 寒冷的, 冷淡的"
degrade,"v. 贬低, 降低, 降解"
vitality,n. 活力
convoy,n. 护航队
cumulative,"adj. 累积的, 累计的"
lag,"v. 落后, 包裹隔热；n. 延迟"
nylon,"n. 尼龙, 尼龙丝袜"
disruptive,"adj. 破坏性的, 颠覆性的"
diploma,"n. 文凭课程, 文凭"
lash,"v. 猛击, 鞭打, 猛烈抨击, 捆紧, 猛..."
outskirts,n. 郊区
abide,"v. 忍受, 居住"
enclose,"v. 用围墙或栅栏围住, 完全包围, 圈..."
accumulation,"n. 积累过程, 积累物"
insulation,n. 隔热材料
fluctuation,n. 波动
imprison,v. 监禁
irritate,"v. 惹恼, 刺激"
flare,"v. 突然燃烧, 突然加剧, 怒斥, 底部..."
retaliation,n. 报复
tasty,"adj. 美味的, 性感的"
worsen,v. 恶化
devour,"v. 狼吞虎咽地吃, 如饥似渴地阅读, ..."
parasite,"n. 寄生虫, 寄生虫式的人"
simplify,v. 简化
cock,"n. 公鸡, 雄鸟, 阴茎, 龙头, 老兄；v. ..."
handkerchief,n. 手帕
noticeable,adj. 明显的
sensory,adj. 感官的
complementary,adj. 互补的
envy,"n. 嫉妒；v. 嫉妒, 庆幸"
radiate,"v. 散发, 辐射, 扩散"
whereby,adv. 借此
pry,"vi. 打探, 撬开"
denomination,"n. 基督教派别, 宗教派别, 货币单位"
consolidation,"n. 巩固, 合并"
customary,"adj. 惯例的, 惯常的"
stigma,"n. 耻辱, 柱头"
mystical,"adj. 神秘的, 神秘主义的"
humane,adj. 人道的
boycott,v. 抵制；n. 抵制
skim,"v. 撇去浮沫, 掠过, 略读, 小额窃取,..."
referee,"n. 裁判员, 推荐人, 仲裁人, 审..."
pudding,"n. 布丁, 烘烤布丁, 肉馅布丁, 软布丁"
intuition,n. 直觉
deceased,"adj. 已故的, 死者"
accustomed,"adj. 习惯的, 通常的"
reckon,"v. 认为, 被视为, 预计, 计算"
eccentric,adj. 古怪的；n. 怪人
refrigerate,v. 冷藏
overhear,v. 偶然听到
gracious,"adj. 亲切的, 优雅的, 尊贵的, 仁慈..."
fort,"n. 堡垒, 军事基地"
stink,"vi. 发出臭味, 糟糕透顶；n. 恶臭, ..."
diversify,"v. 多元化, 使多样化"
overthrow,v. 推翻；n. 推翻
doctorate,n. 博士学位
grumble,"v. 低声抱怨, 发出隆隆声；n. 抱怨, ..."
quake,"vi. 颤抖, 剧烈震动；n. 地震"
reckless,adj. 鲁莽的
drawback,n. 缺点
foreground,"n. 前景, 突出位置, 前台任务；v. 突出"
toxin,n. 毒素
freight,"n. 货物；v. 运输, 充满"
dazzling,"adj. 耀眼的, 令人惊叹的"
announcer,"n. 播音员, 广播员, 解说员"
vengeance,n. 复仇
glossy,"adj. 光滑, 精美；n. 光面杂志"
ape,"n. 猿；v. 模仿, 嘲弄地模仿"
moth,n. 蛾
influx,n. 大量涌入
bacterial,adj. 细菌的
handicap,"n. 残疾, 障碍, 让赛, 差点；v. 妨碍"
hemisphere,"n. 半球, 大脑半球, 半球体"
housewife,n. 家庭主妇
apprentice,n. 学徒；v. 当学徒
absorption,"n. 吸收, 合并, 专注"
outward,"adj. 外在的, 向外的, 朝外的；adv. ..."
supernatural,"adj. 超自然的, 超自然事物"
allude,"v. 间接提及, 暗示"
epic,"n. 史诗, 史诗式作品, 壮举；adj. ..."
seduce,"v. 诱奸, 引诱"
zoom,"vi. 快速移动, 迅速增加；n. 变焦镜..."
coax,v. 哄骗；adj. 同轴电缆
entrepreneurial,adj. 创业的
renovate,v. 翻新
mutation,"n. 变异, 变化"
brutality,"n. 残暴, 冷酷"
grievance,n. 不满
meteor,n. 流星
minus,"prep. 减, 零下, 缺少；n. 减号, 缺..."
attest,"v. 证明, 证实"
pneumonia,n. 肺炎
duct,"n. 管道, 导管"
pathogen,n. 病原体
cradle,"n. 摇篮, 发源地, 吊篮, 听筒架；v. ..."
helm,"n. 舵；v. 领导, 导演, 掌舵"
pulp,"n. 浆状物, 纸浆, 果肉, 低俗小说, ..."
woo,"v. 吸引, 求爱"
grown-up,"adj. 成熟, 适合成年人的；n. 成年人"
ranger,"n. 护林员, 女童军, 突击队员"
nostril,n. 鼻孔
crank,"n. 怪人, 脾气暴躁的人, 曲柄；v. 转..."
spacious,adj. 宽敞的
annoyed,adj. 恼怒
seep,v. 渗漏
curry,n. 咖喱菜肴；v. 用咖喱烹饪
relish,"v. 非常享受；n. 极大的享受, 开胃酱"
cherish,"v. 珍爱, 珍藏"
unravel,"v. 解开, 解体, 阐明"
eruption,"n. 火山喷发, 爆发, 皮疹"
censorship,n. 审查制度
eyelid,n. 眼睑
smuggle,v. 走私
commonplace,"adj. 常见的；n. 司空见惯的事, 陈..."
mislead,v. 误导
visualize,"v. 想象, 可视化"
mint,"n. 薄荷, 薄荷糖, 造币厂, 巨款；v. ..."
incidentally,"adv. 顺便提一下, 偶然地"
emanate,v. 散发
unrealistic,adj. 不切实际的
contraction,"n. 收缩, 宫缩, 缩略词"
inaccurate,adj. 不准确的
commemorate,v. 纪念
mythology,"n. 神话, 谬见"
simultaneous,adj. 同时的
defer,v. 推迟
outweigh,v. 更重要
abrupt,"adj. 突然的, 唐突的"
rampant,adj. 猖獗
antiquity,"n. 古代, 古老, 古董"
generalization,n. 概括
downside,n. 缺点
stylish,adj. 时尚的
shred,"v. 撕碎；n. 碎片, 一点儿"
tabloid,"adj. 小报的, 小型报纸的；n. 小报,..."
heater,n. 加热器
refreshing,"adj. 清新, 提神"
ailment,n. 小病
reunite,"v. 重聚, 重新结合"
intrusion,"n. 打扰, 闯入"
versatile,"adj. 多才多艺, 多功能"
semiconductor,"n. 半导体, 半导体器件"
nuisance,"n. 麻烦, 滋扰行为"
symphony,n. 交响乐
dizzy,"adj. 头晕, 令人头晕的, 糊涂的"
purity,n. 纯净度
vomit,v. 呕吐；n. 呕吐物
reiterate,v. 重申
buffer,"n. 缓冲物, 缓冲器, 缓冲区, 老..."
exterior,"n. 外表, 表面；adj. 外部的"
conditioner,n. 护发素
illicit,"adj. 非法的, 不被社会接受的"
perpetual,"adj. 永久的, 没完没了的, 终身的"
goodwill,"n. 好感, 商誉"
wrongdoing,n. 违法行为
aerobic,"adj. 需氧的, 有氧运动的"
covert,adj. 隐蔽的；n. 隐蔽处
facet,"n. 方面, 刻面"
disarm,"v. 解除武装, 裁军, 消除敌意"
improvise,"v. 即兴创作, 即兴表演"
slipper,n. 拖鞋
suicidal,"adj. 自杀的, 极度危险的"
mole,"n. 鼹鼠, 痣, 内奸, 摩尔"
impede,v. 阻碍
subside,"vi. 逐渐减弱, 回落, 下沉"
needy,"adj. 贫穷的, 贫困人群, 需要关爱的"
aerospace,n. 航空航天
outspoken,adj. 直率
petal,n. 花瓣
geological,"adj. 地质学的, 地质的"
antibody,n. 抗体
barren,"adj. 贫瘠的土地, 不结果实的植物,..."
hinge,n. 铰链；v. 用铰链连接
celestial,adj. 天空的
clench,"v. 握紧, 抓紧"
timetable,"n. 时刻表, 课程表, 时间表；v. 安排..."
mundane,adj. 平凡的
prudent,adj. 谨慎的
unanimous,"adj. 一致的, 一致同意"
tavern,n. 酒馆
observatory,n. 天文台
cedar,"n. 雪松, 杉木"
etch,"v. 雕刻, 刻画, 铭记"
smear,"vt. 涂抹, 弄脏, 诽谤, 擦模糊；n. ..."
assassinate,v. 暗杀
worthless,"adj. 无价值的, 无能的"
intellect,"n. 智力, 智者"
persecution,n. 迫害
outright,"adj. 完全的, 公开的；adv. 直截了..."
plumbing,"n. 管道系统, 管道工程"
quotation,"n. 引文, 引用, 报价, 行情"
infuse,"v. 注入, 渗透, 冲泡, 输注"
inflate,"v. 充气, 夸大, 抬高"
perennial,"adj. 持久的, 多年生的；n. 多年生..."
overlap,"v. 重叠, 使重叠, 时间重叠, 交叉；..."
longevity,n. 长寿
obsolete,adj. 过时的
culprit,"n. 罪犯, 罪魁祸首"
bankrupt,"adj. 破产的, 彻底缺乏的；n. 破产..."
anomaly,n. 异常
variant,n. 变体；adj. 略有不同的
insignificant,adj. 微不足道
overtake,"v. 超车, 超越, 突然降临"
arbitration,n. 仲裁
excavation,"n. 考古挖掘, 考古遗址, 挖掘作业"
cross-country,"n. 越野赛跑, 越野运动"
scissors,n. 剪刀
greedy,adj. 贪婪的
salvage,"n. 抢救, 抢救物；v. 抢救, 挽救"
shepherd,n. 牧羊人；v. 引导
yearly,adv. 每年一次；adj. 每年发生一...
disparate,"adj. 异质, 迥异"
sophistication,"n. 世故, 精密, 精深"
token,"n. 代币, 兑换券, 积分, 象征；adj. ..."
anecdote,n. 轶事
frail,"adj. 虚弱的, 易碎的"
dismissal,"n. 解雇, 忽视, 驳回, 解散,..."
trumpet,"n. 小号, 喇叭形物；v. 宣扬, 发出响..."
rash,"n. 皮疹, 一连串不幸事件；adj. 轻..."
disgusting,"adj. 恶心, 令人作呕"
apparel,"n. 服装, 盛装"
continental,"adj. 欧洲大陆的, 欧陆式的, 北美..."
indispensable,adj. 必不可少
congestion,"n. 拥堵, 充血"
revolt,"n. 起义；v. 反抗, 违抗, 使厌恶"
dye,v. 染色；n. 染料
sever,"v. 切断, 断绝"
pamphlet,n. 小册子
buckle,"v. 用扣子扣上, 弯曲, 腿软；n. 扣子"
clearance,"n. 清理, 间隙, 许可, 通关, 清算, 解..."
discredit,"v. 使…失去信誉, 怀疑…的真实性；..."
ancestral,adj. 祖先的
groundwater,n. 地下水
freak,"n. 狂热爱好者, 怪人, 异类, 异常事..."
factual,adj. 事实的
salute,"v. 敬礼, 致敬；n. 敬礼, 致敬, 礼炮"
fern,n. 蕨类植物
oriental,adj. 东方的
swarm,"n. 蜂群, 蜂拥；vi. 成群移动, 成群..."
deterioration,n. 恶化
mitigate,v. 减轻
chronicle,n. 编年史；v. 按时间顺序记录
interruption,"n. 中断, 打断"
unrest,n. 动荡
soothe,"v. 安抚, 缓解"
clasp,"v. 紧握, 紧抱, 用扣件扣住；n. 扣件..."
tow,"v. 拖, 拉着走；n. 拖车"
blush,"v. 脸红, 感到羞愧；n. 红晕, 腮红"
peninsula,n. 半岛
puddle,n. 水坑
shutter,"n. 百叶窗, 快门"
visionary,"adj. 有远见的, 幻象的；n. 有远见..."
by-product,"n. 副产品, 附带结果"
symbolism,n. 象征主义
doubtful,"adj. 不确定的, 不太可能发生的, ..."
despise,v. 鄙视
dismay,n. 沮丧；v. 使沮丧
enjoyable,adj. 令人愉快的
outgoing,"adj. 外向的, 即将离任的, 外出的"
duo,"n. 二重唱组合, 二重奏"
jelly,"n. 果冻, 肉冻, 果酱, 胶状物, 果冻鞋"
emulate,"v. 效仿, 仿真"
ceremonial,n. 礼仪规范
bladder,"n. 膀胱, 气囊"
refrain,"v. 克制；n. 老生常谈, 副歌"
lavish,"adj. 大量的, 慷慨的；v. 慷慨给..."
ballroom,n. 舞厅
pointed,"adj. 尖的, 尖锐的"
retrospective,"adj. 回顾的, 追溯既往的；n. 回顾展"
pilgrim,"n. 朝圣者, 清教徒"
checklist,n. 清单
milestone,n. 里程碑
curtail,v. 减少
amusing,adj. 有趣的
frost,"n. 霜冻, 霜；v. 结霜, 撒糖霜"
hamper,"v. 妨碍；n. 带盖食品篮, 礼品食品..."
lineage,n. 血统
motto,n. 座右铭
herbal,adj. 草药的；n. 草药书
vegetarian,"n. 素食者；adj. 素食的, 素食制作的"
fragrant,adj. 芳香的
china,"n. 瓷器粘土, 瓷器"
banquet,"n. 宴会, 大餐"
equilibrium,"n. 平衡状态, 心态平衡"
luxurious,adj. 奢华的
ratify,v. 批准
irresistible,"adj. 不可阻挡, 无法抗拒"
murky,"adj. 模糊的, 昏暗的, 可疑的"
upheaval,n. 剧变
seasoning,n. 调味料
tuberculosis,n. 肺结核
demanding,"adj. 要求高的, 苛求的"
lava,"n. 熔岩, 火山岩"
bouquet,"n. 花束, 香气"
womb,n. 子宫
tutor,"n. 私人教师, 辅导教师, 导师, 助教..."
chalk,"n. 白垩, 粉笔；v. 用粉笔写"
crossroad,n. 十字路口
trek,"n. 艰苦的长途跋涉, 长途步行；v. ..."
furnace,"n. 熔炉, 锅炉"
pigment,"n. 色素, 颜料"
nuance,n. 细微差别
gadget,n. 小工具
stunt,"n. 特技, 噱头, 愚蠢的行为；v. 阻碍..."
intuitive,"adj. 直觉的, 有直觉力的, 直观的"
eradicate,v. 根除
underwater,adv. 水面下的；adj. 水下的
augment,v. 增大
shun,v. 避免
fortress,n. 堡垒
touching,adj. 感人的
caption,n. 图片说明；v. 添加图注
safeguard,v. 保护；n. 保护措施
larva,n. 幼虫
midday,n. 中午
barber,"n. 理发师, 理发店"
cartridge,"n. 子弹, 墨盒, 笔芯"
heed,"v. 注意；n. 注意，留意, 重视..."
malaria,n. 疟疾
unsafe,"adj. 不安全的, 有风险的, 不可靠的"
avoidance,n. 避免
liken,"v. 比喻, 比拟"
scant,adj. 稀少的
allergic,"adj. 过敏的, 由过敏引起的, 厌恶的"
gamble,"v. 赌博, 冒险；n. 冒险行为"
brisk,"adj. 轻快的, 高效的, 清爽的"
bounty,"n. 慷慨, 赏金"
authoritative,"adj. 权威的, 可靠的"
irritation,"n. 恼怒, 刺激"
flea,n. 跳蚤
console,"v. 安慰；n. 控制台, 游戏机"
hymn,"n. 赞美诗, 颂歌"
tolerant,"adj. 宽容的, 耐受的"
solemn,"adj. 严肃的, 郑重的, 庄严进行的"
rainfall,n. 降雨量
heave,"v. 用力举起, 剧烈起伏, 费力地发出..."
concur,v. 同意
disregard,v. 忽视；n. 忽视
glaze,"v. 目光呆滞, 安装玻璃, 上光；n. 釉..."
hound,n. 猎犬；v. 纠缠
proxy,"n. 代理权, 代理人, 替代指标"
dread,"v. 害怕；n. 恐惧, 脏辫；adj. 可怕的"
camper,"n. 露营者, 房车, 拖挂式房车"
livelihood,n. 谋生手段
chemist,"n. 药剂师, 药店, 化学家"
paddle,"n. 桨, 搅拌桨, 涉水, 乒乓球拍, 戒尺；..."
stringent,"adj. 严格的, 紧缩的"
revealing,"adj. 揭示性的, 暴露的"
syllable,n. 音节
deprivation,n. 匮乏
amused,adj. 觉得好笑
inflammation,n. 炎症
limestone,n. 石灰岩
inscribe,v. 刻写
pollute,v. 污染
clumsy,"adj. 笨拙的, 不得体的, 难用的, 复..."
singular,"n. 单数形式；adj. 单数的, 非凡的,..."
outpost,"n. 前哨, 偏远定居点"
coil,"v. 卷绕；n. 线圈, 一圈, 电感线圈, ..."
infer,"v. 推断, 暗示"
motivational,adj. 激励的
mourning,"n. 哀悼, 丧服"
captive,"adj. 被囚禁的, 失去自由的；n. 俘虏"
overt,adj. 公开的
curly,adj. 卷曲的
duplicate,"v. 复制, 重复；adj. 完全相同的；n. ..."
unreasonable,adj. 不合理的
germ,"n. 细菌, 萌芽, 胚芽"
hysterical,"adj. 歇斯底里, 爆笑"
affinity,"n. 亲和力, 相似性"
redeem,"v. 提升, 弥补, 拯救, 偿还, 兑换, 赎..."
strangle,"v. 扼死, 扼杀"
stray,"vi. 迷路, 跑题, 出轨；adj. 迷路的,..."
replica,n. 复制品
elude,"v. 躲避, 难以实现"
contingent,"n. 代表团, 分遣队；adj. 依情况而..."
sprawl,"vi. 摊开, 蔓延；n. 城市扩张区"
sponsorship,"n. 赞助费, 赞助行为, 提案..."
daring,adj. 勇敢；n. 勇气
tanker,n. 油轮
fellowship,"n. 友谊, 团体, 研究员职位, 研究基..."
overflow,"v. 溢出, 人满为患, 漫出；n. 过剩, ..."
dreadful,"adj. 糟糕的, 极坏的, 可怕的"
paramount,"adj. 最重要的, 最高权力的"
sponge,"n. 海绵, 人造海绵, 海绵动物, 海绵..."
suffice,v. 足够
engender,v. 引起
artisan,"n. 工匠；adj. 工匠的, 手工制作的"
needless,adj. 不必要的
dissertation,n. 学位论文
asparagus,n. 芦笋
terminology,n. 术语
opaque,"adj. 不透明的, 晦涩的"
nausea,n. 恶心
optics,"n. 光学, 观感"
menace,"n. 威胁, 不祥预感, 麻烦制造者, 威..."
cactus,n. 仙人掌
numb,adj. 麻木的；v. 使麻木
rewarding,"adj. 有意义的, 报酬丰厚的"
academically,"adv. 学术上, 理论上的"
falter,"v. 踌躇, 结巴, 蹒跚"
fuss,"n. 小题大做, 抱怨琐事；vi. 纠结细..."
warden,"n. 管理员, 监狱长, 院长"
orchid,n. 兰花
humiliate,v. 羞辱
breadth,"n. 宽度, 广度"
scurry,v. 小步快跑；n. 匆忙的移动
gangster,n. 歹徒
sterile,"adj. 不育的, 无菌的, 无结果的, 缺..."
orphanage,n. 孤儿院
multilateral,adj. 多边的
extinct,"adj. 灭绝的, 在社会中消失的, 不..."
cupboard,"n. 橱柜, 壁橱"
impetus,"n. 推动力, 冲力"
plump,"adj. 丰满的, 饱满多汁的；v. 使丰满"
lad,"n. 男孩, 哥们儿, 爱玩的小伙子..."
unilateral,adj. 单方面的
gorilla,"n. 大猩猩, 壮汉"
assimilation,"n. 吸收, 文化融合, 语音同化"
futile,adj. 徒劳的
cultivation,"n. 种植, 培养"
salty,"adj. 咸的, 尖酸刻薄的"
posit,v. 提出
bowel,"n. 肠, 深处"
idol,"n. 偶像, 神像"
conspicuous,adj. 显眼
invasive,"adj. 侵入性的, 入侵物种, 侵犯隐..."
ruthless,adj. 无情的
outlaw,"v. 宣布为非法, 宣布为逃犯；n. 逃犯"
cripple,"v. 严重损害, 使...跛脚；n. 瘸子"
ballad,"n. 民谣, 情歌"
shady,"adj. 遮阴的, 遮阳的, 可疑的"
waver,"vi. 不坚定, 犹豫不决, 摇摆"
salient,adj. 最显著的
carcass,n. 动物胴体
radius,"n. 半径, 桡骨"
banish,"v. 驱逐, 消除"
magician,"n. 魔术师, 魔法师"
prophecy,"n. 预言, 预言能力"
broom,"n. 扫帚, 金雀花"
candid,"adj. 坦诚的, 偷拍的"
bestow,v. 授予
assimilate,"v. 吸收（知识）, 融入（群体）, 使融合"
beet,"n. 甜菜, 红菜头"
bandage,n. 绷带；v. 用绷带包扎
misconception,n. 误解
hoist,v. 提升；n. 起重机
tangle,"n. 缠结, 混乱, 争吵；v. 使缠结"
hasten,"v. 急忙行动, 加速, 匆忙前往"
digest,"v. 消化, 分解, 领会；n. 摘要"
jagged,adj. 不规则的
prolong,v. 延长
relinquish,v. 放弃
commence,v. 开始
flurry,"n. 一阵忙乱, 一阵小雪, 一阵飘动"
apprehension,"n. 担心, 逮捕"
clog,v. 堵塞；n. 木鞋
dismal,"adj. 非常悲伤的, 不成功的"
noteworthy,adj. 值得注意
algae,n. 藻类
transcribe,"v. 笔录, 音标转写, 改编"
override,"v. 否决, 优先于, 手动控制"
attentive,"adj. 专注的, 体贴的"
perish,"v. 突然死亡, 毁灭, 腐烂"
donkey,n. 驴
vicinity,n. 附近
stuck,"adj. 卡住的, 被困住的, 束手无策..."
vanity,"n. 虚荣心, 虚荣, 虚荣行为, 梳妆台"
bulky,"adj. 笨重, 庞大"
limp,"adj. 软弱的, 柔软的；vi. 跛行, 缓..."
motionless,adj. 不动的
tickle,"v. 挠痒痒, 发痒, 逗乐；n. 挠痒, 痒..."
scour,"v. 仔细搜索, 擦洗, 冲刷"
freshwater,adj. 淡水
dilute,"v. 稀释, 削弱；adj. 稀释的, 稀薄的"
compress,v. 压缩；n. 敷布
mortal,"adj. 终有一死的, 致命的, 至死方..."
ascend,v. 上升
exempt,adj. 免除的；v. 免除
ultraviolet,adj. 紫外线的
twig,n. 细枝；v. 突然明白
ashore,adv. 在岸上
rectangular,adj. 矩形的
alligator,n. 短吻鳄
overshadow,"v. 使黯然失色, 影响心情, 遮挡"
repeal,n. 废除；v. 废除
ensue,v. 随之发生
havoc,n. 浩劫
bilingual,"n. 双语者；adj. 双语的, 双语"
reed,"n. 芦苇, 簧片"
evade,"v. 逃避, 规避, 回避, 未被理解"
terrified,adj. 惊恐
chlorine,n. 氯
sulfur,n. 硫
inference,n. 推论
sane,"adj. 心智健全的, 明智的"
monarchy,"n. 君主制政府, 君主制国家, 王室"
metabolism,n. 新陈代谢
engulf,"v. 吞没, 淹没"
magnify,"v. 放大, 夸大"
ascertain,v. 查明
malpractice,n. 渎职
misguided,adj. 错误判断
sinister,adj. 阴险的
outburst,"n. 情绪爆发, 爆发"
mower,n. 割草机
auditorium,"n. 观众席, 礼堂"
microscopic,"adj. 微观的, 显微的"
plentiful,adj. 丰富的
starvation,n. 饥饿
deflect,"v. 使偏转, 躲开, 转移"
defiance,n. 公开违抗
luminous,"adj. 发光的, 鲜艳的"
shear,"v. 剪羊毛, 剪短头发, 剪切"
amplify,"v. 放大, 详细说明"
lofty,"adj. 高耸的, 高尚的, 高傲的"
modernist,n. 现代主义者；adj. 现代主义的
inauguration,"n. 就职典礼, 开始"
rot,"v. 腐烂；n. 腐烂, 恶化, 胡说"
horrify,v. 使震惊
fume,"v. 愤怒, 冒烟"
warranty,n. 保修
dent,"v. 使产生凹痕, 打击信心；n. 凹痕"
pollen,n. 花粉
rusty,"adj. 生锈的, 生疏的"
terrestrial,"adj. 陆生的, 地球的, 地面技术的"
jug,"n. 带柄和嘴的壶, 大圆罐, 一壶的..."
alienation,"n. 疏远, 不合群"
permeate,"v. 渗透, 影响整个"
maritime,"adj. 航海, 沿海"
taxation,"n. 税款, 税收制度"
loophole,n. 漏洞
acquaint,v. 使熟悉
statistic,"n. 统计数据, 统计学, 统计量"
afflict,v. 使痛苦
tan,"v. 晒黑, 鞣制；n. 棕褐色, 晒黑的肤..."
browse,"n. 随意浏览商店, 浏览；v. 随意浏..."
amass,v. 积累
slum,n. 贫民窟；v. 过贫苦生活
inefficient,adj. 效率低的
traverse,v. 穿越；n. 横移
thermometer,n. 温度计
cape,"n. 披风, 岬角"
disdain,"n. 蔑视；v. 蔑视, 不屑于"
savvy,n. 老练；adj. 老练的
mow,v. 修剪
precursor,n. 前驱
poignant,adj. 辛酸
vibrate,v. 振动
finite,"adj. 有限的, 限定动词"
impart,"v. 传授, 赋予"
parachute,"n. 降落伞；v. 跳伞, 空投, 空降"
treadmill,"n. 单调循环, 踏车, 跑步机"
amuse,"v. 逗笑, 娱乐"
arousal,"n. 性兴奋, 情绪激动, 唤醒"
browser,"n. 浏览器, 随便看看的人"
speedy,"adj. 迅速的, 高速的"
quantify,v. 量化
motivated,"adj. 有动机的, 积极的"
pundit,"n. 专家, 印度教祭司, 教师, 音乐大师"
hairy,"adj. 多毛的, 惊险刺激的"
abdomen,n. 腹部
entice,v. 诱惑
reserved,adj. 内向的
partition,"n. 隔断, 分裂；v. 划分"
swelling,"n. 肿胀, 肿胀部位"
demolish,"v. 拆除, 推翻, 彻底击败, 狼吞虎咽"
berth,"n. 铺位, 泊位；v. 停泊"
radiant,"adj. 容光焕发的, 光芒四射的, 辐..."
backbone,"n. 脊椎, 支柱, 勇气"
marrow,"n. 骨髓, 葫芦"
greasy,"adj. 油腻的, 油脂过多的, 油性过..."
platinum,n. 铂金
silicon,n. 硅
stitch,"n. 针脚, 针法, 缝合线, 岔气；v. 缝,..."
supernova,n. 超新星
denote,"v. 表示, 意指"
devoid,adj. 缺失
immoral,"adj. 不道德的, 淫乱的"
assorted,adj. 混杂的
voltage,n. 电压
grieve,"v. 感到悲痛, 使悲痛"
receptive,adj. 易接受
heading,"n. 标题, 主题"
harness,"n. 马具, 安全带；v. 套上挽具, 利用"
leftover,"adj. 剩余的；n. 剩饭, 遗留物"
drizzle,"v. 下毛毛雨, 淋上；n. 毛毛雨"
dissipate,"v. 逐渐消散, 挥霍"
publicize,v. 宣传
subordinate,"adj. 从属的, 次要的；n. 下属；v. ..."
pediatrician,n. 儿科医生
finale,"n. 终曲, 结束"
bulge,"vi. 膨胀, 凸出；n. 凸起物, 赘肉, 激..."
oxide,n. 氧化物
pessimistic,adj. 悲观
quarry,"n. 采石场, 猎物；v. 采石"
obscene,"adj. 淫秽的, 过分的"
scarcity,n. 稀缺
combustion,"n. 燃烧, 燃烧过程"
invader,n. 入侵者
ventilation,n. 通风
turbulent,"adj. 动荡的, 湍急的, 喧嚣的"
holistic,"adj. 整体的, 整体治疗的"
inviting,adj. 诱人的
manure,n. 肥料；v. 施肥
longitudinal,"adj. 纵向的, 纵向研究的, 经度的"
affirmation,"n. 肯定, 确认, 鼓励"
aggravate,"v. 使恶化, 惹恼"
cornerstone,"n. 奠基石, 基石"
exaggerated,"adj. 夸张的, 刻意的"
seductive,"adj. 诱人的, 引人渴望的"
mantle,"n. 衣钵, 覆盖层, 斗篷, 地幔, 灯罩, ..."
flux,"n. 不断变化的状态, 流动"
gloomy,"adj. 阴暗的, 沮丧的, 悲观的"
disposable,"adj. 一次性的, 可随意处置的, 可..."
troublesome,adj. 麻烦
wreath,"n. 花圈, 花环, 花冠, 环状物"
managerial,adj. 管理的
discrete,adj. 分离的
geometric,"adj. 几何的, 几何图形的"
condemnation,n. 谴责
enclosure,"n. 围场, 圈地, 附件"
contaminant,n. 污染物
indicative,"adj. 指示性的, 陈述事实的；n. 陈..."
tidy,"adj. 整洁的, 爱整洁的, 相..."
lagoon,"n. 潟湖, 淡水泻湖, 污水潟湖"
blizzard,"n. 暴风雪, 大量涌现的事物"
humorous,adj. 幽默的
utilization,n. 有效利用
beware,v. 小心
melon,n. 甜瓜
sensational,"adj. 引起轰动的, 哗众取宠的, 极..."
wrath,n. 愤怒
pertinent,adj. 相关的
presumption,"n. 假定, 放肆, 推定"
endow,v. 捐赠
anyhow,"adv. 而且, 不管怎样, 总之, 不过, ..."
racket,"n. 喧闹声, 骗局, 球拍, 壁球"
vocation,"n. 适合你的工作, 使命感, 神召"
moss,n. 苔藓
waterfront,n. 滨水区
abandonment,"n. 抛弃, 放弃"
logistics,"n. 后勤管理, 物流运输, 军事后勤"
stale,"adj. 不新鲜, 有异味, 过时, 厌倦"
obedience,n. 服从
equitable,adj. 公平的
fret,"v. 烦恼；n. 品丝, 海雾"
disseminate,v. 传播
flatter,"vt. 奉承, 自以为是, 美化"
errand,n. 跑腿
lapse,"n. 疏忽, 间隔, 失检；vi. 失效, 消逝..."
photon,n. 光子
psychiatry,n. 精神病学
barge,n. 驳船；v. 横冲直撞
coexist,v. 共存
sucker,"n. 容易上当的人, 爱好者, 吸盘, 吸..."
chromosome,n. 染色体
traitor,n. 叛徒
unconventional,adj. 非传统
espouse,v. 支持
adherence,n. 严格遵守
traction,"n. 拉力, 牵引治疗, 抓地力, 吸引力"
rodent,n. 啮齿动物
lame,"adj. 跛的, 站不住脚的, 无聊的"
iceberg,n. 冰山
parrot,n. 鹦鹉；v. 鹦鹉学舌
faulty,"adj. 有缺陷的, 错误的"
paralysis,n. 瘫痪
tempo,"n. 节奏, 步调"
acquit,"v. 宣告无罪, 表现"
wilt,"vi. 枯萎, 萎靡不振, 会"
yeast,n. 酵母
wane,"vi. 减少, 变小；n. 逐渐减弱, *..."
savage,"adj. 残暴的, 尖刻的, 原始的；n. ..."
forceful,"adj. 强有力的, 有说服力的, 用力的"
tack,"n. 处理方式, 迎风航向, 地毯钉, 图..."
emblem,"n. 象征, 象征物"
willow,"n. 柳树, 柳木"
bland,"adj. 缺乏特色的, 味道平淡的, 温..."
hegemony,n. 霸权
thriving,adj. 繁荣的
palpable,adj. 可触摸的
aboriginal,"adj. 原住民的, 原生的；n. 原住民"
stationary,"adj. 静止的, 稳定的"
continual,"adj. 反复发生的, 不间断的"
virgin,"n. 处女, 圣母玛利亚, 新手；adj. ..."
rectangle,n. 矩形
angular,"adj. 瘦骨嶙峋的, 有棱角的"
revert,v. 恢复
periphery,"n. 边缘, 次要部分"
patronage,"n. 赞助, 恩庇, 惠顾"
engaging,adj. 吸引人的
comparatively,adv. 相对地
poisonous,"adj. 有毒的, 毒咬, 恶毒的"
statesman,n. 政治家
villa,"n. 度假别墅, 乡间别墅, 城市别墅, ..."
zest,"n. 热情, 刺激, 皮"
invaluable,adj. 宝贵
ulcer,n. 溃疡
shampoo,"n. 洗发水, 洗发；v. 用洗发水洗"
translucent,adj. 半透明的
triumphant,"adj. 胜利的, 欢欣鼓舞的"
fitting,"adj. 合适的, 合身的；n. 配件, 固..."
halve,"v. 减半, 对半分"
precarious,"adj. 不稳定的, 易倒塌的"
grassy,adj. 长满草的
mosaic,n. 马赛克
rosy,"adj. 玫瑰色的, 乐观的"
clam,n. 蛤蜊；v. 缄口
breathtaking,"adj. 令人屏息的, 惊人的"
avalanche,n. 雪崩
numerical,adj. 数字的
robotic,"adj. 机器人的, 机械的"
coupon,"n. 优惠券, 申请表"
sluggish,adj. 迟缓
grope,"v. 摸索, 摸索前进, 性骚扰；n. 不当..."
venerable,"adj. 德高望重, 副主教, 可敬者"
microbe,n. 微生物
repetitive,"adj. 重复性, 重复"
footnote,"n. 脚注, 次要细节"
sanitation,n. 环境卫生
stern,"adj. 严厉的, 严峻的；n. 船尾"
pathology,"n. 病理学, 病态行为模式"
incompatible,"adj. 不相容的, 不合的, 不能共存的"
vain,"adj. 徒劳的, 自负的"
suppression,n. 压制
orthodoxy,"n. 正统观念, 宗教正统, 东正教"
neutron,n. 中子
fir,n. 冷杉
excavate,"v. 挖掘, 挖出"
intrude,"vi. 闯入, 侵入"
metric,"adj. 使用公制的, 公制制造的, 格..."
hearty,"adj. 友好热情的, 兴高采烈的, 丰..."
cerebral,"adj. 大脑的, 理智的"
retarded,adj. 智力低下
modernism,"n. 现代主义, 现代主义运动"
crocodile,"n. 鳄鱼, 鳄鱼皮, 两人一排的队伍"
cider,"n. 苹果酒, 苹果汁饮料, 一杯苹果酒"
symmetry,"n. 对称, 相似"
innate,adj. 天生的
zeal,n. 热情
decipher,"v. 破译, 解读"
exemplary,"adj. 模范的, 惩戒性的, 典型的"
shattered,"adj. 极度震惊和沮丧的, 筋疲力尽的"
deplete,v. 耗尽
perverse,adj. 执拗的
acoustic,"adj. 声学的, 原声的"
proficiency,n. 熟练
obsessive,adj. 强迫性的；n. 强迫症患者
analogous,adj. 类似的
gait,n. 步态
gleam,"vi. 闪烁, 闪亮, 闪露；n. 微光, 一丝..."
accreditation,n. 认证
resurrection,"n. 复活, 复兴"
brittle,"adj. 脆的, 脆弱的, 尖刻的；n. 坚..."
adept,adj. 熟练的；n. 能手
handicapped,"adj. 残疾的, 残障人士"
outdated,adj. 过时的
coastline,n. 海岸线
thrift,"n. 节俭, 海石竹"
necessitate,v. 需要
precipitate,v. 促使；adj. 仓促的；n. 沉淀物
subtract,v. 减去
nourish,"v. 滋养, 培养"
likeness,"n. 相似性, 肖像"
scold,v. 责骂
reflex,n. 反射动作
barrage,"n. 弹幕射击, 连珠炮似的提问, 拦..."
inspiring,adj. 鼓舞人心
rust,"n. 锈, 锈病；v. 生锈"
insulate,"v. 绝缘, 隔离"
consolation,n. 安慰
dissatisfied,adj. 不满的
transmitter,"n. 发射器, 传递者"
bailout,n. 救助
ion,n. 离子
hacker,"n. 黑客, 电脑高手"
curricular,adj. 课程的
anthology,n. 选集
vacancy,"n. 职位空缺, 空房, 空缺状态, 茫然"
audition,"n. 试镜；v. 参加试镜, 观看试镜"
receptionist,n. 接待员
addictive,"adj. 上瘾, 易沉迷"
notoriously,adv. 臭名昭著地
projector,n. 投影仪
prehistoric,adj. 史前的
eloquent,"adj. 雄辩的, 传神的"
nicotine,n. 尼古丁
quaint,adj. 古雅的
seedling,n. 幼苗
herring,n. 鲱鱼
federation,"n. 联邦, 联合会, 联合"
anecdotal,adj. 轶事的
adjective,n. 形容词
oasis,"n. 绿洲, 乐土"
brilliance,"n. 才华横溢, 光彩夺目"
aquarium,"n. 水族箱, 水族馆"
misfortune,"n. 厄运, 不幸的事"
hostess,"n. 女主人, 夜总会女招待, 女主持..."
telling,"adj. 有力的, 说明问题的"
obese,adj. 肥胖
lecturer,"n. 讲师, 大学讲师"
feud,n. 世仇；v. 结仇
convertible,"adj. 可转换的, 敞篷的；n. 敞篷车"
embryonic,"adj. 初期的, 胚胎的"
audible,adj. 可听见的
resurgence,n. 复兴
fledgling,"n. 刚会飞的小鸟, 新手"
fuse,"n. 保险丝, 导火索, 引信；v. 融合, ..."
fabricate,"v. 捏造, 制造"
sow,"v. 播种, 散布；n. 母猪"
modernize,"v. 使现代化, 现代化"
wrench,"v. 猛拉, 扭伤, 使痛苦；n. 扳手, 离..."
collateral,n. 抵押品；adj. 附属的
stoop,"vi. 弯腰, 驼背；n. 驼背, 门廊"
ecstatic,"adj. 欣喜若狂的, 忘我的"
waive,v. 放弃
thaw,"v. 解冻, 冰雪融化, 解冻食物, 回暖,..."
disintegrate,"vi. 崩解, 瓦解"
hardy,"adj. 强壮的, 耐寒的"
obliterate,v. 彻底毁灭
infiltrate,"v. 潜入, 渗透"
brandy,"n. 白兰地, 一份白兰地"
notwithstanding,prep. 尽管；adv. 然而；conj. 虽然
forestry,n. 林学
internship,"n. 实习, 实习医生"
extravagant,"adj. 奢侈的, 昂贵的, 铺张的"
chatter,"vi. 喋喋不休, 打颤, 叽叽喳喳；n. ..."
hypertension,n. 高血压
entrust,v. 委托
exploratory,adj. 探索性的
detach,"v. 分离, 疏远, 派遣"
brew,"v. 酿造啤酒, 冲泡（茶或咖啡）, 浸..."
gymnastics,n. 体操
clientele,n. 客户群体
biomass,"n. 生物量, 生物质"
mediocre,adj. 平庸的
sparse,adj. 稀疏
narrate,"v. 讲述, 解说"
beacon,"n. 灯塔, 无线电导航台, 烽火"
speck,n. 斑点
zinc,"n. 锌, 铁皮"
rendition,"n. 演绎, 引渡"
unanimously,adv. 一致同意
courtship,"n. 求爱期, 求偶行为, 商业追求"
pentagon,"n. 五边形, 五角大楼"
rift,"n. 分歧, 裂缝"
melting,adj. 融化
encyclopedia,n. 百科全书
remorse,n. 懊悔
beforehand,adv. 预先
margarine,n. 人造黄油
scroll,"n. 卷轴, 涡卷装饰；v. 滚动"
satire,n. 讽刺
alternatively,adv. 或者
tedious,adj. 乏味
turbulence,"n. 动荡, 湍流"
differentiation,"n. 区分, 区别对待, 细胞分化"
dignified,adj. 庄重的
neutralize,"v. 使无效, 中和, 使中立化"
fleeting,adj. 短暂的
biographer,n. 传记作者
delineate,v. 详细描述
annoyance,n. 烦恼
emeritus,adj. 名誉教授
reptile,n. 爬行动物
insecure,"adj. 不自信的, 不安全的, 不牢固的"
mathematician,n. 数学家
cleanse,"v. 清洗, 净化"
identifiable,adj. 可识别的
commend,"v. 表扬, 推荐, 受青睐, 托付"
encircle,v. 环绕
confiscate,v. 没收
dynasty,"n. 王朝, 王朝时期"
burglary,n. 入室盗窃
preferable,adj. 更可取的
hydraulic,"adj. 液压的, 液压传动的, 水力学..."
disgusted,adj. 恶心的
individualism,"n. 个人独特性, 个人自由"
neuron,n. 神经元
backfire,"vi. 事与愿违, 回火"
resilience,"n. 韧性, 弹性"
bewildered,adj. 困惑的
revitalize,v. 振兴
downsize,"v. 裁员, 缩小居住空间"
impediment,"n. 障碍, 言语障碍"
captivity,n. 囚禁
steward,"n. 乘务员, 管理员, 伙食管理员, 管..."
sparkle,"vi. 闪烁, 神采奕奕；n. 火花, 活力"
manageable,adj. 可控的
guise,n. 外表
electrode,n. 电极
edible,adj. 可食用的
disciplined,"adj. 守纪律的, 自律的"
eggplant,n. 茄子
booklet,n. 小册子
thunderstorm,n. 雷暴
bumper,n. 保险杠；adj. 丰盛的
skyscraper,n. 摩天大楼
expend,v. 花费
resilient,adj. 有弹性的
erratic,adj. 不稳定的；n. 漂砾
refinement,"n. 改进, 优雅"
reciprocal,adj. 相互的
hilarious,adj. 滑稽
dispel,v. 驱散
taunt,v. 嘲笑；n. 嘲笑
pointer,"n. 指点, 迹象, 指针, 教鞭, 光标, 指..."
yawn,"vi. 打哈欠, 裂开；n. 哈欠, 无聊的事"
envelop,v. 包裹
revere,v. 崇敬
distrust,n. 不信任；v. 不信任
emigrate,v. 移民出境
bribe,n. 贿赂；v. 贿赂
overstate,v. 夸大
disapprove,"v. 不赞成, 否决"
whichever,"det. 无论哪个, 随便哪个"
simplistic,adj. 简单化
proclamation,n. 正式公告
climax,"n. 高潮, 高潮部分, 性高潮；v. 达到..."
victimize,v. 使受害
unearth,"v. 挖掘, 揭露"
ambivalent,adj. 矛盾
humid,adj. 潮湿的
obstruct,"v. 阻挡, 妨碍"
generalize,"vi. 概括, 泛化, 推广"
induction,"n. 入职培训, 引产, 归纳法, 感应"
bungalow,"n. 平房, 独立式洋房"
suggestive,"adj. 联想, 暗示"
stash,v. 藏匿；n. 藏匿物
shard,n. 碎片
dialect,n. 方言
arid,"adj. 干旱的, 缺乏新意的"
kettle,n. 烧水壶；v. 包围控制
biased,"adj. 有偏见的, 偏好的"
recruiter,n. 招聘人员
unreliable,adj. 不可靠的
dwindle,v. 逐渐减少
transient,"adj. 短暂的, 暂住的；n. 暂住者"
rejoice,v. 欢欣
substitution,n. 替换
inconvenience,"n. 不便, 不便之处；v. 给...带来不便"
legalize,v. 使合法化
propulsion,n. 推进
evergreen,"adj. 常绿的, 经久不衰的；n. 常绿..."
saucer,n. 茶托
synonymous,"adj. 同义词, 同义的"
clothe,"v. 给...穿衣, 提供衣物"
combatant,n. 战斗人员
colonialism,n. 殖民主义
derivative,n. 衍生物；adj. 非原创的
nominal,"adj. 名义上的, 象征性的, 名词性的"
recapture,"n. 收复, 重新捕获；v. 收复, 重新捕..."
second-hand,"adj. 二手的, 间接的"
viability,"n. 可行性, 生存力"
cohesion,n. 内聚力
funnel,"n. 漏斗, 烟囱；v. 使通过漏斗"
abstinence,n. 禁欲
pictorial,"adj. 图画的, 图像的"
fanatic,"adj. 狂热的；n. 狂热分子, 狂热爱..."
rendering,"n. 演绎, 译文, 抹灰"
repercussion,n. 后果
exceedingly,adv. 非常地
thirst,"n. 口渴, 缺水, 渴望；v. 口渴"
dweller,n. 居民
tame,"adj. 驯服的, 平淡的, 易于控制的；..."
hygiene,n. 卫生
bison,n. 野牛
physiology,"n. 生理学, 生理机能"
detrimental,adj. 有害的
genus,n. 属
valuation,"n. 估值, 评价"
gobble,"v. 狼吞虎咽, 咯咯叫"
attainment,"n. 成就, 达成"
ardent,adj. 热情的
centennial,n. 百年纪念
learned,"adj. 博学的, 学者的, 习得的"
appalling,"adj. 令人震惊的, 极差的"
righteous,"adj. 正直的, 正义的"
provisional,"adj. 临时的, 暂时计划的"
mend,"v. 修理, 缝补, 解决, 康复, 愈合；n. ..."
demolition,"n. 拆除, 推翻, 击溃"
leafy,"adj. 多叶的, 绿树成荫的, 被树叶..."
proprietor,n. 业主
penetration,"n. 渗透, 插入"
unjust,adj. 不公正的
strife,"n. 冲突, 麻烦"
exaggeration,n. 夸张
accentuate,v. 强调
gutter,"n. 檐沟, 排水沟, 社会底层；v. 摇曳"
propensity,n. 倾向
adventurous,"adj. 爱冒险, 新奇, 刺激"
refund,n. 退款；v. 退款
synthesize,"v. 合成, 综合"
solidify,"v. 使凝固, 巩固"
ascribe,"v. 归因于, 赋予"
aspiring,"adj. 有抱负的, 追求成功的"
dampen,"v. 弄湿, 抑制"
rouse,"v. 唤醒, 激发, 激起, 激怒"
smother,"v. 使窒息, 覆盖, 压制, 溺爱, 闷熄"
eject,"v. 驱逐, 弹出, 弹射逃生"
unauthorized,adj. 未经授权
undesirable,adj. 不良的；n. 不良分子
hideous,adj. 丑陋
infancy,"n. 婴儿期, 初期"
mute,"adj. 不说话的, 哑的；n. 静音按钮,..."
craftsman,n. 工匠
intersect,"v. 相交, 穿越"
eyeball,"n. 眼球, 浏览量；v. 仔细看"
dormitory,"n. 集体宿舍, 学生宿舍"
hassle,"n. 麻烦事, 争执；v. 纠缠"
moderation,"n. 适度, 评分一致性, 内容审核"
stricken,"adj. 受困, 受创"
stipulate,v. 规定
foreman,"n. 领班, 陪审团团长"
corpus,n. 语料库
memorandum,"n. 备忘录, 谅解备忘录, 专题报告"
overdue,"adj. 逾期的, 早该发生的"
cognition,n. 认知
prolific,"adj. 多产的, 高产的, 富饶的, 大量的"
far-reaching,adj. 影响深远
defective,"adj. 有缺陷的, 身体有缺陷的"
shabby,"adj. 破旧的, 衣衫褴褛的, 不公正..."
censor,n. 审查员；v. 审查
overhaul,"n. 彻底检查与维修；v. 彻底检修, ..."
conducive,adj. 有助于的
disable,"v. 致残, 禁用"
throng,n. 人群；v. 蜂拥
optimum,adj. 最佳
sanity,"n. 理智, 明智"
articulation,"n. 清晰表达, 发音清晰, 关节连接"
mammoth,n. 猛犸象；adj. 巨大的
dagger,n. 匕首
shrewd,"adj. 精明的, 明智的"
predatory,"adj. 捕食性的, 掠夺性的"
cavern,n. 洞穴
thicket,"n. 灌木丛, 困境"
idealism,"n. 理想主义, 唯心主义"
prowess,n. 技艺
magistrate,n. 地方法官
burglar,n. 入室盗贼
diffusion,n. 扩散
campfire,n. 篝火
clerical,"adj. 文书的, 神职人员的"
spearhead,n. 先锋；v. 带头
locality,"n. 地区, 所在地"
verification,n. 验证
truce,n. 停战协议
astonished,adj. 震惊
threatening,"adj. 威胁性的, 不祥的"
prerequisite,adj. 先决条件；n. 必修课程
shortcut,"n. 捷径, 快捷方法, 快捷方式"
beak,"n. 鸟喙, 鹰钩鼻, 法官"
repository,"n. 仓库, 知识库"
refute,v. 反驳
meticulous,adj. 一丝不苟
eminent,"adj. 著名的, 出色的"
vaccination,n. 疫苗接种
sympathize,"v. 同情, 支持"
iris,"n. 虹膜, 鸢尾花"
fraudulent,adj. 欺诈的
onslaught,n. 猛攻
realistically,"adv. 实际上可能地, 理智地, 逼真地"
pastime,n. 消遣
submerge,"v. 浸没, 隐藏"
antioxidant,n. 抗氧化剂
forage,"vi. 觅食, 摸索寻找；n. 饲料"
blister,"n. 水泡, 气泡；v. 起泡, 严厉批评"
hindsight,n. 后见之明
saturate,"v. 浸透, 饱和"
thorn,"n. 刺, 荆棘, 古英语字母Þ"
discreet,adj. 谨慎的
pebble,n. 鹅卵石
swivel,"n. 旋转接头；v. 旋转, 迅速转身"
divergent,"adj. 发散的, 有分歧的"
quarrel,"n. 争吵, 抱怨的理由；v. 争吵"
methane,n. 甲烷
binary,"adj. 二进制的, 二元的；n. 二进制..."
bulldozer,n. 推土机
homogeneous,adj. 同质的
heady,"adj. 令人振奋, 得意忘形"
repel,"v. 击退, 排斥, 使厌恶"
condone,v. 宽恕
blackout,"n. 停电, 新闻封锁, 灯火管制, 遮光..."
ferocious,adj. 凶猛的
rehabilitate,"v. 使康复, 恢复名誉, 修复"
cashier,n. 收银员；v. 撤职
gloss,"n. 光泽, 光亮剂, 亮光漆, 表面光鲜..."
seismic,"adj. 地震的, 重大的"
giddy,"adj. 头晕的, 兴奋的, 令人眩晕的, ..."
inland,"adv. 向内陆；adj. 内陆的, 国内的"
titanium,n. 钛
frigid,"adj. 极其寒冷的, 冷淡的, 性冷淡的"
itinerary,n. 行程安排
nibble,"v. 小口地咬, 表现出初步兴趣；n. ..."
ghostly,adj. 幽灵般的
economical,"adj. 性价比高的, 节约的, 节俭的"
gush,"v. 涌出, 迸出, 滔滔不绝地说；n. 涌..."
overrun,"n. 超支；v. 泛滥, 超时"
graphite,n. 石墨
imaginable,adj. 可想象的
esteem,"n. 敬重；v. 尊敬, 看待"
cross-cultural,adj. 跨文化的
academia,n. 学术界
bog,"n. 沼泽, 厕所；v. 陷入, 陷住"
deduct,v. 扣除
landslide,"n. 山体滑坡, 压倒性胜利"
fieldwork,n. 实地考察
taint,v. 污染；n. 污点
contextual,adj. 语境相关
trample,"v. 踩, 践踏"
timid,adj. 胆小的
vice,"n. 色毒犯罪, 恶习, 老虎钳"
taboo,"adj. 禁忌的；n. 禁忌, 心照不宣的..."
penalize,v. 惩罚
symposium,n. 研讨会
urgently,adv. 紧急地
clarification,n. 澄清
vulgar,"adj. 粗俗的, 粗鲁的"
slit,n. 裂缝；v. 切开
doze,v. 打瞌睡；n. 瞌睡
eyepiece,n. 目镜
chancellor,"n. 总理, 财政大臣, 名誉校长, 校长..."
recourse,n. 求助
kernel,"n. 果仁, 核心思想"
corroborate,v. 证实
semantic,adj. 语义的
incite,v. 煽动
primate,"n. 灵长目动物, 首席主教"
parchment,"n. 羊皮纸, 烘焙纸, 羊皮纸文件"
anarchy,n. 无政府
cumin,n. 孜然
hamlet,n. 小村庄
coerce,v. 强迫
immortal,"adj. 不朽的, 流芳百世的；n. 不朽..."
assertive,adj. 自信的
spore,n. 孢子
picturesque,"adj. 如画, 生动"
arithmetic,"n. 算术, 算术运算；adj. 算术的"
relieved,adj. 宽慰
palate,"n. 上颚, 味觉"
recurrent,adj. 反复的
ax,"n. 斧头, 被解雇；v. 削减, 解雇, 用..."
skeletal,"adj. 骨骼的, 骨瘦如柴的, 框架的"
hive,"n. 蜂巢, 蜂群, 繁忙的场所, 荨麻疹；..."
liter,n. 升
quarterly,adj. 每季度的；adv. 每三个月一次；...
folklore,n. 民间传说
depress,"v. 使沮丧, 使萧条, 压低, 按下"
quicken,"v. 加快, 使活跃"
tributary,n. 支流
penchant,n. 强烈偏好
drone,"n. 无人机, 嗡嗡声, 持续低音, 雄蜂..."
geology,"n. 地质学, 地质状况"
boon,n. 恩惠
pointless,adj. 无意义的
yarn,"n. 纱线, 故事"
ploy,n. 策略
pretense,"n. 假装, 声称"
converse,v. 交谈；adj. 相反的；n. 相反的事物
barley,n. 大麦
conformity,n. 从众
benevolent,"adj. 仁慈的, 慈善的"
coward,n. 懦夫
fabrication,"n. 捏造, 制造"
clockwise,adv. 顺时针
microorganism,n. 微生物
deceptive,adj. 欺骗性的
dormant,adj. 休眠的
coherence,n. 连贯性
ration,"n. 配给量, 口粮, 份额；v. 定量配给"
birch,"n. 桦树, 桦木, 桦条鞭刑"
antidote,"n. 解毒剂, 对抗手段"
treatise,n. 论文
purge,"v. 清洗, 净化；n. 清洗"
quiver,"v. 颤抖；n. 颤抖, 箭袋"
legitimize,"v. 合理化, 合法化, 认领"
lobe,"n. 耳垂, 叶（器官的）"
ingenious,"adj. 巧妙的, 足智多谋的"
labyrinth,n. 迷宫
intertwine,"v. 缠绕, 紧密相连"
antelope,n. 羚羊
calculator,n. 计算器
contagious,"adj. 传染性的, 传染者"
inspirational,adj. 励志
replay,"n. 重赛, 重放, 重演；v. 重赛, 重播"
counterproductive,adj. 适得其反
saliva,n. 唾液
disarmament,n. 裁军
enlighten,v. 启迪
sporadic,adj. 零星的
troupe,n. 剧团
veterinarian,n. 兽医
outcry,n. 强烈抗议
shin,"n. 胫；v. 用小腿踢, 快速攀爬"
pore,"n. 毛孔；v. 仔细阅读，钻研, ..."
lemonade,"n. 柠檬汽水, 柠檬水, 一杯柠檬水"
rooster,n. 公鸡
encode,"v. 编码, 转译"
unconditional,adj. 无条件的
superstition,n. 迷信
hazy,"adj. 朦胧, 模糊, 不确定的"
smallpox,n. 天花
squid,n. 鱿鱼
stench,n. 恶臭
sabotage,"n. 蓄意破坏, 故意阻挠成功；v. 蓄..."
solvent,"n. 溶剂；adj. 有偿付能力的, 有溶..."
insensitive,"adj. 不体谅人的, 反应迟钝的, 无..."
ingenuity,n. 聪明才智
cascade,"n. 小瀑布群, 大量倾泻, 大量垂落, ..."
foreseeable,adj. 可预见的
conscientious,adj. 认真
charisma,n. 魅力
penguin,n. 企鹅
subtitle,"n. 字幕, 副标题；v. 添加字幕"
optimize,v. 优化
decry,v. 公开谴责
apprehend,"v. 逮捕, 理解"
fennel,n. 茴香
predominant,"adj. 主要的, 占优势的"
tyrant,n. 暴君
fidelity,"n. 忠诚, 忠贞, 保真度"
depletion,n. 耗尽
violet,adj. 紫罗兰色；n. 紫罗兰
knack,"n. 本领, 倾向"
highland,"adj. 高地的, 苏格兰高地的；n. 高..."
instructive,adj. 有教育意义的
languish,"vi. 受苦, 衰弱"
serpent,n. 蛇
commotion,n. 骚动
incomprehensible,adj. 难以理解
glucose,n. 葡萄糖
spasm,"n. 痉挛, 一阵"
streamline,"v. 流线型化, 优化"
squander,v. 浪费
discontinue,"v. 停止, 停产"
beggar,"n. 乞丐, 家伙；v. 使贫穷"
intestine,n. 肠道
etiquette,n. 礼仪
tripod,n. 三脚架
fruitful,"adj. 富有成效的, 多产的"
crushing,adj. 极度的
immature,"adj. 行为幼稚的, 未成熟的"
queer,"adj. 奇怪的, 酷儿；n. 酷儿；v. ..."
fraught,"adj. 充满, 紧张"
riddle,"n. 谜语, 谜团；v. 打孔"
inadequacy,"n. 不足, 无力感, 缺陷"
negligence,n. 疏忽
beaver,"n. 河狸, 河狸毛皮, 女性阴部；v. ..."
torrent,"n. 急流, 激增"
locomotive,n. 火车头；adj. 运动的
primal,adj. 原始的
durability,n. 耐用性
humankind,n. 人类
nitrate,n. 硝酸盐
mast,"n. 桅杆, 天线塔, 旗杆"
shameful,adj. 可耻的
utmost,adj. 最大的；n. 最大可能
groundwork,n. 基础
dogma,n. 教条
interstellar,adj. 星际的
populace,n. 民众
elastic,"n. 弹性材料；adj. 弹性的, 有弹性,..."
baffle,v. 使困惑；n. 隔板
bandit,n. 强盗
protrude,v. 突出
pavilion,"n. 展馆, 看台, 场馆, 亭子"
ore,n. 矿石
precipitation,"n. 降水, 沉淀"
childish,"adj. 孩子般的, 幼稚的"
obscenity,"n. 猥亵, 猥亵言行"
befriend,v. 结交
heroism,n. 英勇
interplay,n. 相互作用
exhale,v. 呼气
teamwork,n. 团队合作
wasp,n. 黄蜂
alloy,n. 合金；v. 熔合
mischief,"n. 恶作剧, 调皮, 损害"
manhood,"n. 成年期, 男子气概, 男性生殖器, ..."
aristocratic,adj. 贵族的
adjunct,"n. 状语, 附加物"
formative,adj. 形成性的
helium,n. 氦
crumple,"v. 弄皱, 崩溃, 瘫倒"
termite,n. 白蚁
cub,"n. 幼兽, 幼童军, 幼童军成员"
approximate,"adj. 近似的；v. 接近的, 估算"
prelude,"n. 序曲, 序幕"
glitter,"vi. 闪烁, 眼中闪烁（情感）；n. 闪烁..."
forbidden,adj. 被禁止的
redwood,"n. 红杉, 红杉木"
attrition,"n. 消耗, 自然减员"
cosmology,n. 宇宙学
grassland,n. 草原
idealistic,adj. 理想主义
propagate,"v. 传播, 繁殖"
hind,adj. 后部的；n. 雌鹿
allure,n. 吸引力
unruly,adj. 不守规矩
cardinal,"n. 枢机主教, 基数, 北美红雀；adj. ..."
opium,n. 鸦片
delta,"n. 德尔塔, 三角洲, 德尔塔毒株"
otter,n. 水獭
wither,"v. 枯萎, 衰弱"
reimburse,v. 报销
solace,v. 安慰；n. 安慰
carnival,"n. 狂欢节, 嘉年华, 狂欢"
airliner,n. 客机
stratum,"n. 地层, 社会阶层"
tar,"n. 焦油, 烟焦油；v. 涂焦油"
extinguish,"v. 熄灭, 消灭"
ransom,n. 赎金；v. 赎回
inaugurate,"v. 就职, 落成, 开创"
fluent,"adj. 流利的, 流畅的, 娴熟的"
perpetrate,v. 犯下
leopard,n. 豹
elective,"adj. 选举产生的, 有选举权的, 可..."
circumvent,"v. 规避, 绕开"
digestive,adj. 消化的
uphill,"adj. 上坡的, 费力的；adv. 朝山顶..."
hourly,"adj. 每小时发生的, 按小时计酬的；..."
tamper,"v. 干涉, 篡改"
scorn,"n. 鄙视；v. 鄙视, 不屑"
conservationist,n. 环保人士
probing,"adj. 探询的, 仔细检查的；n. 探询"
exodus,n. 大批离开
midway,"adv. 在中间, 一半一半；adj. 正中..."
woven,v. 编织
assemblage,"n. 集合, 组装件, 集合艺术, 组装"
adjoining,adj. 相邻的
ravage,v. 破坏
specialization,"n. 专业化, 专业领域"
plush,n. 长毛绒；adj. 豪华舒适的
plumber,n. 水管工
disqualify,"v. 取消资格, 使不适合"
latent,adj. 潜在的
formality,"n. 正式手续, 形式上的要求, 礼节"
wherein,adv. 在其中
waterproof,adj. 防水的；n. 防水服；v. 使防水
desolate,"adj. 荒凉的, 孤寂的；v. 使凄凉"
skew,"v. 歪曲, 倾斜"
torment,"n. 折磨；v. 折磨, 烦扰"
retaliate,v. 报复
meteorite,n. 陨石
impersonal,"adj. 缺乏人情味的, 一视同仁的, ..."
momentary,adj. 短暂的
misuse,"n. 误用；v. 错误使用, 虐待"
pervade,v. 弥漫
negligible,adj. 可忽略的
arcade,"n. 拱廊, 购物廊, 商场, 游戏厅"
suspense,n. 悬念
anesthesia,n. 麻醉
handout,"n. 施舍物, 补助金, 宣传单, 讲义"
analytic,"adj. 分析的, 科学分析的, 分析语的"
sexism,n. 性别歧视
literate,"adj. 识字的, 通晓的"
endemic,adj. 地方性的
rapport,n. 和谐关系
resin,"n. 树脂, 合成树脂"
fresco,n. 壁画
stupidity,"n. 愚蠢, 迟钝"
windfall,"n. 意外之财, 被风吹落的果实"
feeble,"adj. 虚弱的, 不強烈的"
disintegration,"n. 崩溃, 分解"
supplant,v. 取代
patriot,n. 爱国者
gallop,"v. 飞奔, 骑马飞奔, 疾跑，飞奔；n. ..."
rarity,"n. 珍品, 稀有性"
nobility,"n. 贵族, 高尚"
metropolis,n. 大都市
rudimentary,"adj. 基础的, 未完全发展的"
mite,"n. 螨虫, 可怜的小家伙, 一点点, 少量"
counteract,v. 抵消
detached,"adj. 独立的, 冷漠的, 客观的"
burrow,"v. 挖掘, 依偎, 搜索；n. 洞穴"
delinquency,n. 违法行为
airtight,adj. 密封的
camouflage,"n. 伪装, 保护色, 掩饰；v. 伪装"
replenish,v. 补充
agitate,"v. 极力主张变革, 使焦虑不安, 搅动..."
utterance,"n. 说出的话, 话语"
proficient,adj. 精通的
trolley,"n. 手推车, 餐车, 有轨电车"
requisite,adj. 必需的；n. 必需品
bent,"adj. 弯曲的, 佝偻的, 不诚实的；..."
hectic,adj. 忙碌的
stagnant,"adj. 停滞的, 停滞不前的"
gorge,n. 深谷；v. 暴食
exude,"v. 流露, 渗出"
detour,"n. 绕道, 临时绕行道路；v. 绕行"
concussion,n. 脑震荡
accrue,"v. 逐渐增长, 随时间积累"
magnesium,n. 镁
proton,n. 质子
fable,"n. 寓言, 虚构的故事"
illustrator,n. 插图画家
gull,n. 海鸥
migratory,adj. 迁徙的
potassium,n. 钾
proliferate,v. 快速增长
regularity,"n. 规律性, 整齐性, 规则性"
pertain,v. 属于
ultrasound,"n. 超声波, 超声波检查"
incidental,"adj. 附带的, 自然发生的；n. 附带..."
utilitarian,"adj. 功利的, 功利主义的"
doubtless,adv. 无疑地
aerobics,n. 有氧运动
telegram,n. 电报
cumbersome,"adj. 笨重, 繁琐, 冗长"
agrarian,adj. 农业的
concurrent,adj. 同时的
intermittent,adj. 间歇的
seaside,n. 海滨；adj. 海滨的
illiterate,"adj. 不识字的, 写得差的, 外行的；..."
inventive,"adj. 有创造力, 新颖"
sandstone,n. 砂岩
tulip,n. 郁金香
triangular,"adj. 三角形的, 三方的"
owing,adj. 未付的
wand,"n. 魔杖, 细棒"
wry,"adj. 苦笑, 讽刺幽默"
engrave,v. 雕刻
bellow,"v. 怒吼, 吼叫；n. 怒吼声, 兽吼声"
crescent,"n. 新月形, 新月形街道, 新月标志"
malignant,"adj. 恶性的, 恶毒的"
skillful,"adj. 熟练的, 技艺精湛的"
cervical,"adj. 子宫颈的, 颈部的"
raccoon,"n. 浣熊, 浣熊毛"
bravery,n. 勇敢
prickly,"adj. 多刺的, 刺痛的, 易怒的, 棘手的"
brim,"n. 边缘, （帽子的）帽檐, 宽檐帽；v. ..."
impartial,adj. 公正的
evict,v. 驱逐
toxicity,"n. 毒性, 毒副作用, 有害性"
insidious,adj. 阴险的
dosage,n. 剂量
hijack,v. 劫持
mountainous,"adj. 多山的, 巨大的"
versatility,"n. 多才多艺, 多功能性"
refresh,"v. 使恢复精力, 续杯, 提醒, 刷新"
seduction,n. 诱惑
diffuse,"adj. 扩散的, 冗长的；v. 扩散, 渗透..."
exuberant,"adj. 兴高采烈的, 茂盛的"
segregate,"v. 隔离, 分隔"
paradoxical,adj. 看似矛盾
meditate,"v. 冥想, 深思, 考虑"
uterus,n. 子宫
emerald,"adj. 鲜艳的绿色；n. 祖母绿, 祖母..."
sadden,v. 使悲伤
virtuous,"adj. 有德行的, 自以为是的"
marginally,adv. 稍微
sham,"n. 假货, 骗子, 虚伪；adj. 假的；v. ..."
snowflake,"n. 雪花, 玻璃心"
abort,"v. 人工终止妊娠, 流产, 中止"
concoct,"v. 调制, 编造"
cramp,"n. 抽筋, 腹痛；v. 限制"
animate,"v. 使有活力, 制作动画；adj. 有生..."
toad,"n. 蟾蜍, 丑陋的人"
mania,"n. 狂热, 躁狂症"
overriding,adj. 最重要的
dazzle,"v. 耀眼, 使惊叹；n. 炫光, 耀眼的事物"
acclaim,v. 公开赞扬；n. 赞誉
jargon,n. 行话
appease,v. 安抚
senseless,"adj. 无意义的, 失去知觉的, 不明..."
tentacle,"n. 触手, 触角"
trance,"n. 恍惚状态, 入迷, 迷幻舞曲"
obscurity,"n. 默默无闻, 晦涩难懂, 昏暗"
industrialization,n. 工业化
arduous,adj. 艰难
securely,"adv. 安全地, 牢固地, 可靠地"
pedagogy,n. 教学法
temperate,"adj. 温带气候, 温和的"
aptitude,n. 天赋
whirlwind,"n. 旋风, 旋风式的忙碌时期；adj. ..."
emigration,n. 移居国外
ornamental,adj. 装饰性的
spruce,"n. 云杉, 云杉木；adj. 整洁的；v. *..."
epitomize,v. 体现
fungal,adj. 真菌的
bedrock,"n. 基础, 基岩"
ammonia,n. 氨
tundra,n. 冻原
irritating,adj. 恼人的
workable,"adj. 可行的, 易加工的, 可盈利的"
conclusive,adj. 结论性的
calamity,n. 灾难
exhaustive,adj. 全面的
lighthouse,n. 灯塔
diving,"n. 跳水, 潜水"
harmonious,"adj. 和谐的, 协调的, 悦耳的"
propeller,n. 螺旋桨
congregate,v. 聚集
aloft,adv. 在高空中
astonish,v. 震惊
horizontally,adv. 水平地
irreversible,adj. 不可逆的
herald,"v. 预示, 宣告；n. 预兆, 传令官"
placid,"adj. 平静的, 宁静的"
irregularity,"n. 不规则性, 不规律性, 不平整"
sailboat,n. 帆船
appreciative,"adj. 感激的, 欣赏的"
metaphorical,adj. 比喻性的
explanatory,adj. 解释性的
transatlantic,"adj. 横渡大西洋, 跨大西洋, 大西..."
aperture,"n. 孔径, 光圈"
forgo,v. 放弃
influenza,n. 流感
revoke,v. 撤销
pinnacle,"n. 顶峰, 尖顶饰, 峰顶岩石"
subdue,"v. 制服, 抑制"
renaissance,"n. 文艺复兴, 复兴"
pendulum,n. 钟摆
accuser,n. 原告
erroneous,adj. 错误的
bumpy,"adj. 颠簸的, 坎坷的"
embellish,"v. 装饰, 渲染"
laden,"adj. 装满的, 充满负面情绪的, 充满"
detergent,n. 洗涤剂
gnaw,v. 啃
undue,adj. 过度的
vacate,"v. 离开, 辞职"
fright,"n. 恐惧, 令人恐惧的事物"
fauna,n. 动物群
covet,v. 觊觎
pawn,"n. 兵, 棋子；v. 典当"
forfeit,"v. 丧失, 放弃；n. 罚金；adj. 被没收"
momentous,adj. 重大
naughty,"adj. 淘气的, 下流的"
captivate,v. 吸引
chimpanzee,n. 黑猩猩
baron,"n. 男爵, 巨头"
strenuous,"adj. 费力的, 努力的"
substantiate,v. 证实
utensil,n. 用具
cosmopolitan,"adj. 世界性的, 见多识广的, 遍布..."
hasty,"adj. 仓促的, 轻率的"
pessimism,n. 悲观主义
fluctuate,v. 波动
insightful,adj. 有洞察力的
overcoat,n. 大衣
launcher,n. 发射器
self-sufficient,adj. 自给自足
chronology,n. 年表
idiom,"n. 成语, 语言风格, 艺术风格"
incline,"v. 倾向于, 点头, 倾斜；n. 斜坡"
coalesce,v. 聚合
accomplice,n. 同谋
insomnia,n. 失眠
serenity,n. 宁静
colossal,adj. 巨大的
sneer,v. 嘲笑；n. 嘲笑
microprocessor,n. 微处理器
crease,"n. 褶皱, 折痕, 皱纹, 投球线；v. 使..."
shopkeeper,n. 店主
compulsory,adj. 强制的
calculus,n. 微积分
sheen,n. 光泽
leek,n. 韭葱
sneeze,v. 打喷嚏；n. 喷嚏
fortify,"v. 加固, 鼓舞, 强化"
acreage,n. 英亩数
equator,n. 赤道
twinkle,vi. 闪烁；n. 闪烁
algebra,n. 代数
epoch,"n. 时代, 时期"
cork,"n. 软木, 软木塞；v. 用软木塞塞住"
astound,v. 使震惊
deficient,"adj. 缺乏的, 不够好的"
windmill,"n. 风车磨坊, 风力发电机, 风车玩具"
cunning,"adj. 狡猾的, 灵巧的；n. 狡猾"
marina,n. 码头
sullen,"adj. 闷闷不乐的, 阴沉的"
lowland,"adj. 低地的；n. 低地, 苏格兰低地"
cypress,n. 柏树
stamina,n. 耐力
aggregate,"n. 总计, 骨料；adj. 合计的；v. 合计"
flora,n. 植物群
dependable,adj. 可靠的
childlike,adj. 孩子般的
loudspeaker,"n. 扬声器, 免提模式, 喇叭"
inescapable,adj. 无法避免
fodder,"n. 饲料, 炮灰"
manually,"adv. 手动地, 人工地"
midlife,n. 中年
wholesome,"adj. 健康, 有益"
persecute,"v. 迫害, 骚扰"
agitation,"n. 焦虑不安, 政治鼓动, 抗议集会, ..."
drench,v. 浸透
guinea,"n. 基尼, 几内亚"
cohesive,"adj. 有凝聚力的, 使凝聚的"
fascist,"adj. 法西斯主义, 法西斯分子；n. ..."
bandwidth,"n. 带宽, 精力"
treason,n. 叛国
droplet,n. 小滴
proverb,n. 谚语
overestimate,v. 高估；n. 高估
reuse,v. 重复使用；n. 重复使用
smog,n. 烟雾
precedence,n. 优先性
innumerable,adj. 无数的
quell,"v. 平息, 缓解"
lodging,"n. 临时住所, 寄宿房间"
inertia,"n. 惰性, 惯性"
redevelopment,n. 重建
notoriety,n. 恶名昭彰
reindeer,n. 驯鹿
flimsy,"adj. 不结实的, 薄弱的, 缺乏说服..."
redundant,"adj. 冗余的, 不必要的"
rendezvous,"n. 约会, 会合点, 聚会场所；v. 约会"
vulture,"n. 秃鹫, 趁火打劫者"
torpedo,"n. 鱼雷；v. 用鱼雷攻击, 彻底破坏"
periodical,n. 期刊
speechless,adj. 哑口无言
recur,v. 再次发生
painkiller,n. 止痛药
predispose,"v. 使倾向于, 使易感染"
inexplicable,adj. 无法解释的
lax,"adj. 松懈的, 松弛的, 发音松驰的"
toil,"vi. 辛苦工作, 艰难地移动；n. 辛劳"
dissemination,n. 传播
oppress,"v. 压迫, 压抑"
handbook,n. 手册
inundate,v. 淹没
absentee,n. 缺席者
repress,"v. 抑制, 镇压"
bloodstream,n. 血流
porter,"n. 搬运工, 护工, 门卫, 列车员"
pungent,"adj. 辛辣的, 尖锐的"
postulate,v. 假设；n. 公理
sarcastic,adj. 讽刺的
transistor,"n. 晶体管, 晶体管收音机"
trilogy,n. 三部曲
panorama,"n. 全景, 全貌"
tranquil,adj. 平静的
bombard,"v. 轰炸, 连珠炮似的提问"
topography,n. 地形
rightful,adj. 合法的
prism,n. 棱镜
gymnasium,n. 体育馆
mire,n. 泥潭
shellfish,n. 贝类
trustworthy,adj. 可信赖的
courier,"n. 快递员, 导游；v. 快递寄送"
hiking,n. 徒步
complimentary,"adj. 免费的, 赞扬的"
ordain,"v. 授予圣职, 规定"
malicious,adj. 恶意的
astute,adj. 精明的
unaffected,"adj. 未受影响的, 自然的"
prowl,"v. 潜行觅食, 鬼鬼祟祟地走动, 焦躁..."
figurine,n. 小雕像
fertilization,"n. 受精, 施肥"
appraise,"v. 评估, 估价, 考核"
entrench,v. 牢固确立
intrinsically,adv. 本质上
extracurricular,adj. 课外活动
overcrowded,adj. 拥挤
vindicate,"v. 证实, 证明清白"
uproar,"n. 喧闹, 骚动"
eel,n. 鳗鱼
caterpillar,n. 毛虫
err,v. 犯错
dredge,"v. 疏浚, 挖掘, 撒粉"
axle,n. 车轴
fluency,"n. 流利, 流畅"
semblance,n. 外表
replete,"adj. 充满的, 吃饱的"
junction,"n. 路口, 连接处"
instill,v. 逐渐灌输
jostle,v. 推挤
blunder,n. 重大失误；v. 犯大错
allot,v. 分配
eyelash,n. 睫毛
thorny,"adj. 棘手的, 多刺的"
encase,v. 封装
configure,v. 配置
cull,v. 淘汰；n. 淘汰
nutritionist,n. 营养学家
clot,"n. 凝块, 笨蛋；v. 凝结"
nutritious,adj. 有营养的
increment,"n. 加薪, 增量"
heterogeneous,adj. 异质
abate,v. 减轻
nascent,adj. 新生的
electrician,n. 电工
minuscule,adj. 非常小的；n. 小写字母
psychotic,adj. 精神病的；n. 精神病患者
deafening,adj. 震耳欲聋
molten,adj. 熔化的
preface,"n. 前言；v. 为...作序, 开场白"
impromptu,adv. 即兴的；adj. 未经计划的
deduce,v. 推断
postage,n. 邮费
pamper,v. 宠爱
tortoise,n. 龟
levy,n. 附加费；v. 征收
sonic,adj. 声波的
procure,"v. 获得, 拉皮条"
nocturnal,"adj. 夜行的, 夜间的"
lull,"n. 平静期；v. 使平静, 减弱"
estuary,n. 河口
stout,"adj. 肥胖的, 结实的, 勇敢的；n. ..."
steamer,"n. 蒸汽船, 蒸锅"
pendant,n. 吊坠
climatic,adj. 气候的
skylight,n. 天窗
flaunt,v. 炫耀
haste,n. 匆忙
broadband,"n. 宽带, 宽带信号"
beset,v. 困扰
fascism,"n. 法西斯主义, 极端主义"
spade,"n. 铲子, 黑桃, 黑桃牌"
slant,"v. 倾斜, 有倾向性地呈现；n. 倾斜..."
debtor,n. 债务人
mummy,"n. 妈妈, 木乃伊"
apex,n. 顶点
chronological,adj. 按时间顺序
garb,n. 服装
popularize,"v. 使流行, 通俗化"
apprehensive,adj. 担心的
personalize,"v. 定制刻字, 个性化定制, 专属化"
diversification,"n. 多元化, 多样化"
purify,v. 净化
pretext,n. 借口
prioritize,"v. 优先处理, 优先考虑"
bustle,"v. 忙碌地移动；n. 喧闹繁忙, 裙撑"
aquifer,n. 含水层
habitual,"adj. 习惯性的, 积习的, 有习惯的"
sarcasm,n. 讽刺
snowstorm,n. 暴风雪
preposterous,"adj. 荒谬, 荒唐"
fertilize,"v. 授粉, 施肥"
ruffle,"v. 弄皱, 使烦恼；n. 褶边"
legitimately,"adv. 公平合理地, 合法地"
surmise,v. 推测；n. 推测
acronym,n. 首字母缩略词
vigilance,n. 警惕
feign,v. 假装
crusty,"adj. 有硬皮的, 脾气暴躁的；n. 生..."
kerosene,n. 煤油
conversational,"adj. 对话式, 交谈的"
cod,n. 鳕鱼
starch,"n. 淀粉, 浆粉；v. 上浆"
veterinary,adj. 兽医
vile,"adj. 极差的, 邪恶的"
tiptoe,"n. 脚趾尖；v. 踮着脚走, 谨慎处理；..."
old-time,adj. 老式的
fanciful,"adj. 想象的, 奇特的"
stockpile,n. 储备；v. 囤积
attractiveness,n. 吸引力
commencement,"n. 开始, 毕业典礼"
delinquent,"n. 少年犯, 欠款人；adj. 违法的, ..."
populous,adj. 人口稠密
inactive,"adj. 不活跃的, 未被使用的, 无效的"
wean,v. 断奶
automation,n. 自动化
vowel,"n. 元音, 元音字母"
anatomical,adj. 解剖学的
leaflet,n. 传单；v. 发传单
spire,n. 尖顶
deforestation,n. 砍伐森林
piracy,"n. 海盗行为, 盗版"
adapter,"n. 适配器, 多口适配器, 改编者"
deflate,"v. 放气, 打击信心, 紧缩"
repudiate,"v. 拒绝接受, 正式否认, 公开拒绝"
crevice,n. 裂缝
flamboyant,"adj. 张扬的, 艳丽的"
brandish,v. 挥舞
hydrocarbon,n. 烃
pelvis,n. 骨盆
tarnish,"v. 使失去光泽, 损害（名誉）；n. 锈迹"
gully,"n. 沟壑, 深沟"
tacit,adj. 默示
benefactor,n. 捐助者
equatorial,adj. 赤道的
coffer,"n. 保险箱, 资金"
interchange,"n. 交流, 立交桥；v. 交流, 互换"
agreeable,"adj. 讨喜, 愿意, 合意"
propriety,"n. 得体, 礼仪规范"
condense,"v. 冷凝, 浓缩, 压缩"
inlet,"n. 小湾, 入口"
avant-garde,adj. 前卫
brunt,"n. 主要部分, 主要负担"
impenetrable,"adj. 难以穿透, 难以理解"
elaboration,"n. 详细阐述, 精心制定"
violinist,n. 小提琴手
strait,"n. 海峡, 困境"
neurologist,n. 神经科医生
slang,n. 俚语
austere,"adj. 朴素的, 严肃的, 克制的"
enlargement,"n. 扩大, 放大件"
sedentary,"adj. 久坐不动, 习惯久坐的, 定居的"
substrate,n. 基质
limelight,n. 聚光灯下
apathy,n. 冷漠
sanitary,"adj. 卫生的, 卫生安全的"
predate,v. 早于
amber,"adj. 琥珀色；n. 琥珀, 琥珀色"
latex,"n. 乳胶, 合成乳胶"
decode,"v. 解码, 解读, 翻译理解"
filament,"n. 灯丝, 细丝"
snowfall,n. 降雪
deviate,v. 偏离
mascara,n. 睫毛膏
persevere,v. 坚持
cortex,n. 皮层
hereditary,"adj. 遗传的, 世袭的"
cockroach,n. 蟑螂
maize,"n. 玉米, 装饰玉米"
immigrate,v. 移民入境
abstain,"v. 弃权, 戒掉, 避开"
reputable,adj. 信誉良好
unattractive,"adj. 不好看的, 不讨人喜欢的"
retort,"v. 反驳；n. 反驳, 曲颈瓶"
diverge,"vi. 分叉, 分歧, 偏离"
malnutrition,n. 营养不良
herbicide,n. 除草剂
typify,"v. 典型代表, 特征"
skating,"n. 滑冰, 轮滑"
disband,v. 解散
devalue,"v. 贬值, 低估"
bonanza,"n. 富矿, 盛况"
intangible,"n. 无形资产；adj. 无形, 非实体"
perpendicular,"adj. 垂直的, 垂直式建筑的；n. 垂..."
hump,"n. 隆起, 驼峰, 驼背；v. 搬运, 性交"
elliptical,"adj. 省略句, 椭圆形的"
corrosion,n. 腐蚀
purchaser,n. 购买者
appendix,"n. 阑尾, 附录"
cholera,n. 霍乱
retract,"v. 撤回, 取消, 收回"
zebra,n. 斑马
jumble,"v. 弄乱；n. 杂乱的一堆, 义卖杂物"
obligatory,"adj. 强制性的, 惯常的"
uniformity,n. 一致性
frontline,adj. 前线
predominate,"vi. 占多数, 占主导地位"
maverick,adj. 特立独行；n. 异见者
decimate,"v. 大量消灭, 严重破坏"
unparalleled,adj. 无与伦比
conditional,"adj. 有条件的, 表示条件依赖的；..."
digestion,"n. 消化过程, 消化能力, 消化分解"
rupture,"n. 破裂, 爆裂, 疝, 决裂；v. 使破裂,..."
coke,"n. 可卡因, 焦炭"
inept,adj. 无能的
painless,"adj. 无痛的, 轻松的"
urbanization,"n. 城市化, 城市化进程"
guild,n. 行会
diseased,adj. 患病的
ruby,"adj. 深红色；n. 红宝石, 暗红色"
indefinite,"adj. 无限期的, 不明确的"
manipulative,"adj. 操纵性的, 操作灵巧的"
susceptibility,"n. 易受影响性, 易怒性"
amble,v. 漫步
deplore,v. 强烈谴责
antagonism,n. 敌对
auxiliary,"adj. 辅助的, 备用的；n. 助动词, ..."
outlive,"v. 比...活得久, 比...持久"
genital,adj. 生殖器的
perspiration,"n. 汗水, 排汗"
dearth,n. 短缺
carefree,adj. 无忧无虑
self-employed,adj. 自雇的
calibrate,v. 校准
flask,"n. 烧瓶, 保温瓶, 扁瓶"
presuppose,"v. 假定, 预设"
grudge,"n. 怨恨；v. 不情愿地给, 认为某人..."
bibliography,"n. 参考文献, 书籍学"
chubby,adj. 胖乎乎的
glacial,"adj. 冰河时代的, 冰川的, 冰冷的, ..."
outcast,adj. 被排斥的；n. 被排斥者
manly,adj. 男子气概
supervisory,adj. 监督的
meek,"adj. 温顺的, 温顺的人群"
resultant,adj. 结果的
scorch,"v. 烧焦, 灼伤, 疾驰"
graft,"n. 嫁接枝条, 移植组织, 辛勤工作, ..."
advantageous,adj. 有利的
dissuade,v. 劝阻
ambience,n. 氛围
omen,n. 征兆
aristocrat,n. 贵族
hoarse,adj. 嘶哑
ephemeral,adj. 短暂的
fervent,adj. 热切的
elm,"n. 榆树, 榆木"
sparrow,n. 麻雀
diligent,adj. 勤奋的
sawdust,n. 锯末
unfounded,adj. 无根据的
northward,adj. 向北的
old-timer,"n. 老手, 老人"
alluring,adj. 诱人的
gill,"n. 鳃, 及耳"
agile,"adj. 敏捷的, 思维敏捷的, 敏捷开..."
transcription,"n. 转录, 文字记录, 誊写, 改编"
sustenance,"n. 营养, 维持"
indebted,"adj. 感激的, 负债的"
psychoanalysis,n. 精神分析
instantaneous,adj. 瞬间的
prodigious,adj. 巨大的
majesty,"n. 庄严, 陛下, 王权"
wayward,adj. 任性的
supersede,v. 取代
elasticity,n. 弹性
eastward,adj. 向东
anemia,n. 贫血
prodigy,n. 神童
enigma,n. 谜
cessation,n. 停止
cocoon,"n. 茧, 保护层；v. 包裹, 宅在家里"
outpouring,"n. 情感流露, 大量涌出"
entangle,"v. 纠缠, 卷入"
avail,"v. 帮助, 有效；n. 效用"
embroidery,"n. 刺绣图案, 刺绣艺术"
turret,"n. 塔楼, 炮塔"
irritable,adj. 易怒的
allotment,"n. 分配地, 分配额"
fang,n. 尖牙
biosphere,n. 生物圈
phosphorus,n. 磷
diaphragm,"n. 横膈膜, 子宫帽, 隔板, 振膜"
superstitious,adj. 迷信的
intersperse,v. 散布
effluent,n. 废水
ingest,v. 摄入
exposition,"n. 阐述, 展览会"
credence,"n. 可信度, 相信"
quarantine,n. 隔离期；v. 隔离
stammer,v. 口吃；n. 口吃
diabetic,"adj. 糖尿病相关的, 糖尿病患者专..."
acidic,"adj. 酸的, 含有酸的"
overload,"v. 超载, 使负担过重, 使系统过载；..."
maiden,"n. 少女, 零分局；adj. 首次的"
rectify,v. 纠正
affectionately,adv. 充满爱意地
undeveloped,"adj. 未开发的, 欠发达的, 未发育..."
detract,"v. 贬低, 削弱"
predisposition,n. 倾向
foresight,n. 远见
pedigree,"n. 血统记录, 出身背景；adj. 纯种的"
antiquated,adj. 过时的
slouch,v. 懒散站立；n. 懒散姿势
inversion,n. 倒置
saline,adj. 含盐的；n. 生理盐水
externally,adv. 外部地
shimmer,v. 微微发光；n. 微光
refreshment,"n. 茶点, 招待的食品饮料, 提神"
vortex,n. 漩涡
husk,n. 外壳；v. 去壳
cordial,"adj. 热情的；n. 甜味果汁饮料, 甜..."
shorthand,"n. 速记法, 简略表达"
leach,"v. 渗漏, 清洗"
insecticide,n. 杀虫剂
peck,"v. 啄, 轻吻；n. 轻吻, 啄"
microcosm,n. 微观世界
balm,"n. 香脂油, 镇痛膏, 安慰物"
instinctive,adj. 本能的
painstaking,adj. 一丝不苟
metamorphosis,"n. 变态, 转变"
booking,"n. 预订, 演出安排, 记名警告"
neurotic,"adj. 神经症的, 神经质的；n. 神经..."
splatter,"v. 飞溅, 泼洒"
complacent,adj. 自满的
dung,n. 粪便
somatic,"adj. 身体的，肉体的, 体壁的，体..."
obedient,adj. 顺从的
hospitable,"adj. 好客的, 适宜居住的"
oar,n. 船桨
choreography,n. 编舞
irrespective,"adj. 不考虑的, 不受影响的"
sportsman,n. 运动员
subterranean,adj. 地下的
meld,v. 融合
brood,"v. 沉思, 孵蛋；n. 一窝幼崽, 一大家..."
forsake,v. 放弃
lawful,adj. 合法的
conjecture,"n. 推测, 推测过程；v. 推测"
dew,n. 露水
consummate,"adj. 技艺精湛的；v. 圆房, 完成"
pretension,"n. 自命不凡, 自诩"
nomad,n. 游牧民
palatable,"adj. 美味的, 令人愉快的"
spurt,"v. 喷出, 冲刺；n. 喷射, 爆发"
revitalization,n. 复兴
deviant,adj. 反常的；n. 行为异常者
gale,n. 大风
archipelago,n. 群岛
connoisseur,n. 鉴赏家
optic,adj. 视觉的；n. 量酒器
genealogy,"n. 家谱学, 家谱图"
checker,"n. 收银员, 检查器, 检验员"
soot,n. 烟尘
dehydration,n. 脱水
congested,"adj. 拥挤的, 充血的"
atypical,adj. 非典型的
anal,"adj. 肛门的, 过分讲究细节的"
interviewee,n. 受访者
extol,v. 赞扬
bistro,n. 小酒馆
eyesight,n. 视力
sumptuous,adj. 奢华
tenacious,"adj. 坚持不懈的, 持久的"
stationery,"n. 文具, 信纸"
sap,"n. 树液, 笨蛋；v. 削弱"
incessant,adj. 不间断的
spherical,adj. 球形的
gall,"n. 无礼, 怨恨, 肿块, 胆汁, 愤怒；v. ..."
vogue,n. 流行
divergence,"n. 分歧, 意见分歧, 偏离预期"
annex,v. 吞并
edifice,n. 宏伟建筑
embankment,n. 堤坝
odyssey,n. 漫长旅途
awry,"adv. 出差错, 歪斜的"
smelly,adj. 难闻的
infrequent,adj. 不频繁的
grandiose,adj. 宏伟
scourge,"n. 灾祸, 鞭子；v. 折磨, 鞭打"
comical,adj. 滑稽的
unworthy,"adj. 不值得的, 不相称的"
coexistence,n. 共存
apologetic,adj. 歉意的
bleach,v. 漂白；n. 漂白剂
hoard,n. 囤积；v. 囤积
affluence,n. 富裕
blacksmith,n. 铁匠
escalator,n. 自动扶梯
nourishment,n. 营养
ripen,v. 成熟
stagnation,n. 停滞
enslave,"v. 奴役, 束缚"
discord,"n. 不和, 不和谐音"
puncture,"n. 轮胎被刺穿的小孔, 刺孔；v. 刺..."
additive,n. 添加剂
gauze,"n. 纱布, 医用纱布, 金属网"
methodical,"adj. 有条不紊的, 有条理的"
tycoon,n. 大亨
retina,n. 视网膜
botanist,n. 植物学家
indignant,adj. 愤怒的
fat-free,adj. 无脂
malfunction,v. 发生故障；n. 功能失常
dizziness,n. 头晕
brazen,"adj. 厚颜无耻的, 黄铜制的；v. ..."
adaptable,adj. 能适应的
interdependent,adj. 相互依赖
consequent,adj. 结果
undeniably,adv. 毋庸置疑地
jurisprudence,"n. 法理学, 法学体系"
deft,"adj. 灵巧的, 机敏的"
spoonful,n. 一勺的量
reprimand,n. 正式谴责；v. 正式谴责
unsatisfactory,adj. 不够好
infringe,"v. 违反, 侵犯"
contemplative,"adj. 沉思的, 灵修的"
cataract,"n. 白内障, 大瀑布"
hypnotic,"adj. 催人入眠, 催眠的, 导致睡眠的；..."
sterilize,"v. 消毒, 绝育"
sonar,n. 声呐
regenerate,v. 再生
tram,n. 有轨电车
putter,"vi. 噗噗作响, 闲逛；n. 推杆"
besiege,"v. 包围, 簇拥, 纠缠"
housekeeping,"n. 家务管理, 客房部, 家政预算, 日..."
collagen,n. 胶原蛋白
rattlesnake,n. 响尾蛇
harmonize,"v. 协调, 使一致, 和声"
radish,n. 萝卜
rekindle,v. 重燃
jogging,n. 慢跑
adobe,n. 土坯
crystallize,"v. 明确化, 结晶"
fallacy,n. 谬误
individualistic,"adj. 个人主义的, 主张个人自由的"
invincible,adj. 无敌的
rubbish,"n. 垃圾, 劣质品, 废话；v. 贬低"
jingle,"n. 叮当声, 广告歌；v. 叮当作响"
amnesia,n. 失忆
prudence,n. 谨慎
resolute,adj. 坚决的
scamper,v. 奔跑
cobblestone,adj. 由小圆石铺成的；n. 鹅卵石
outpace,v. 超越
tint,"n. 淡色, 染发剂；v. 着色, 染发"
null,adj. 无效
nomadic,"adj. 游牧的, 居无定所的"
asymmetry,"n. 不对称, 不均衡"
secrete,"v. 分泌, 隐藏"
carnivore,n. 食肉动物
nectar,"n. 花蜜, 甘露, 果汁"
stuffy,"adj. 闷热的, 古板的, 鼻塞的"
genitals,n. 生殖器
truffle,"n. 松露, 松露巧克力"
antithesis,"n. 对立面, 对立情况"
barbaric,"adj. 极其残忍暴力的, 原始人的"
blight,"v. 破坏；n. 枯萎病, 祸害"
sci-fi,n. 科幻
weld,"v. 焊接, 联合；n. 焊缝"
elated,adj. 兴高采烈
piston,n. 活塞
scalpel,n. 手术刀
aggressiveness,"n. 攻击性, 进取心"
outlandish,adj. 怪异的
effortless,adj. 不费力的
inferiority,n. 自卑感
bemoan,v. 抱怨
peppermint,"n. 薄荷, 薄荷糖"
lukewarm,"adj. 微温的, 冷淡的"
brewery,n. 啤酒厂
obsess,"vi. 痴迷于, 过分担忧"
varnish,n. 清漆；v. 涂清漆
outlying,adj. 偏远的
kinetic,adj. 运动的
acquiesce,v. 默许
pelt,"v. 投掷攻击, 猛烈落下, 飞奔；n. 毛皮"
tome,n. 巨著
avenge,v. 复仇
rye,n. 黑麦
devaluation,"n. 货币贬值, 价值低估"
lucid,"adj. 清晰的, 清醒的"
turnip,"n. 芜菁, 黄萝卜"
consumerism,n. 消费主义
directional,"adj. 定向的, 方向的, 引领潮流的"
impervious,"adj. 不受影响的, 不透水的"
lyric,"n. 歌词, 抒情短诗；adj. 抒情..."
wart,"n. 疣, 跖疣"
enliven,v. 活跃
locust,n. 蝗虫
slat,"n. 条板, 翼板"
buoyant,"adj. 繁荣的, 乐观的, 有浮力的"
disillusion,v. 使幻想破灭；n. 幻灭
acupuncture,n. 针灸
syllabus,n. 课程大纲
censure,n. 谴责；v. 谴责
perceptive,"adj. 敏锐的, 感知的"
grasshopper,n. 蚱蜢
condensation,"n. 冷凝水, 冷凝, 压缩"
dispersal,n. 分散
tonal,"adj. 音调的, 调性的"
ethereal,adj. 空灵
intrepid,adj. 无畏的
neoclassical,adj. 新古典主义
encroach,"vi. 侵犯, 蚕食"
moisturizer,n. 保湿霜
mousse,"n. 慕斯, 摩丝"
scavenger,n. 食腐动物
contrive,"v. 设法做到, 促成, 巧妙设计"
laurel,"n. 月桂, 荣誉"
libel,n. 诽谤；v. 诽谤
predation,n. 掠食
isotope,n. 同位素
fissure,n. 裂缝
evaporation,"n. 蒸发, 逐渐消失"
underpin,"v. 支撑, 加固"
perplex,v. 使困惑
pivot,"n. 支点, 关键人物；v. 旋转, 转向"
phantom,"n. 幻影, 幻象；adj. 鬼魅般的, 仅..."
vaccinate,v. 接种疫苗
envious,adj. 羡慕的
scandalous,"adj. 可耻的, 丑闻的"
pronunciation,"n. 发音, 发音方式"
catering,n. 餐饮服务
noxious,adj. 有害的
hopper,n. 漏斗
annihilate,"v. 彻底摧毁, 彻底击败"
peacock,n. 孔雀
transplantation,"n. 器官移植, 移植, 迁移"
insatiable,adj. 贪得无厌
purification,"n. 净化, 提纯"
cowardly,"adj. 胆小的, 欺软怕硬的"
octopus,n. 章鱼
blockage,"n. 堵塞物, 堵塞"
gaunt,"adj. 憔悴的, 简陋的"
urchin,"n. 流浪儿, 海胆"
synchronize,v. 同步
grimy,adj. 脏的
disobey,v. 不遵守
barter,n. 以物易物；v. 进行易货贸易
crossword,n. 填字游戏
lonesome,"adj. 寂寞, 偏僻；n. 孤独感，寂..."
uncompromising,adj. 不妥协的
queue,n. 队列；v. 排队
conventionally,"adv. 常规地, 传统地"
compatriot,n. 同胞
infiltration,n. 渗透
violator,"n. 违规者, 性侵犯者"
regent,n. 摄政者；adj. 摄政者
inhuman,"adj. 残忍的, 非人的"
jumbo,n. 大型喷气式客机；adj. 巨大的
fruitless,adj. 徒劳的
consign,"v. 寄售, 使陷入, 委托"
rigorously,"adv. 严密地, 严格地"
impotent,"adj. 无力的, 阳痿的"
telegraph,"n. 电报；v. 发电报, 无意中透露"
amplifier,n. 放大器
particulate,adj. 与微粒相关的；n. 颗粒物
partake,"vi. 享用, 参与"
aviator,n. 飞行员
steadfast,adj. 坚定的
reciprocate,"v. 回报, 往复运动"
whaling,n. 捕鲸
megawatt,n. 兆瓦
iodine,n. 碘
hoe,n. 锄头；v. 锄地
malady,"n. 问题, 疾病"
propagation,"n. 传播, 繁殖"
slumber,n. 睡眠；v. 睡
canteen,"n. 食堂, 水壶, 餐具盒"
consulate,n. 领事馆
departmental,adj. 部门的
extraterrestrial,n. 外星人；adj. 外星的
miscellaneous,adj. 混杂的
sickle,n. 镰刀
hypocrite,n. 伪君子
bazaar,"n. 集市, 义卖会"
instigate,v. 煽动
bewildering,adj. 令人困惑
undetected,adj. 未被发现
surname,n. 姓氏
congenital,"adj. 先天的, 天生的, 先天性疾病"
archetype,n. 原型
linguistics,n. 语言学
unequivocal,adj. 明确的
contiguous,adj. 相邻的
foreshadow,v. 预示
amenable,"adj. 顺从的, 可处理的"
decompose,"v. 腐烂, 分解"
lichen,n. 地衣
kangaroo,n. 袋鼠
invoice,n. 发票；v. 开具发票
dissection,"n. 解剖, 剖析"
preponderance,n. 优势
fickle,"adj. 变化无常的, 易变的"
lithium,n. 锂
maxim,n. 格言
creeping,adj. 潜行
purist,n. 纯粹主义者
genesis,n. 起源
hatchery,n. 孵化场
slime,n. 粘液
altruistic,adj. 利他的
amorphous,adj. 无定形的
repulsive,"adj. 令人厌恶的, 排斥的"
deceit,n. 欺骗
amiable,adj. 和蔼可亲
housework,n. 家务
paltry,"adj. 微不足道的, 无价值的"
bough,n. 树枝
pulley,n. 滑轮
deconstruct,v. 解构
sacrificial,adj. 献祭的
falcon,n. 猎鹰
encapsulate,v. 封装
recline,"v. 向后倚靠, 调节座椅倾斜"
syndicate,n. 辛迪加；v. 联合供稿
payday,n. 发薪日
zenith,"n. 顶点, 顶峰"
unbiased,adj. 公正的
insurmountable,adj. 无法克服
waterfowl,n. 水禽
outdo,v. 超越
silt,"n. 淤泥；v. 使淤塞, 淤塞"
punctuation,n. 标点符号
disprove,v. 反驳
genteel,"adj. 文雅的, 古雅的"
refrigeration,n. 冷藏
irritated,adj. 恼怒的
dispenser,"n. 自动售货机, 分发者, 药剂师"
baboon,n. 狒狒
aural,adj. 听觉的
mirage,"n. 海市蜃楼, 幻想"
coolness,"n. 凉爽, 酷, 冷静, 冷淡"
forebear,n. 祖先
char,"n. 清洁工, 红茶；v. 烧焦, 做小时工..."
constrict,"v. 收缩, 限制"
defenseless,adj. 无防御的
concise,"adj. 简洁的, 简短的"
belittle,v. 贬低
zealous,adj. 热心的
autocratic,"adj. 专制统治的, 专横的"
eccentricity,"n. 古怪, 怪癖"
feral,adj. 野生的；n. 野蛮的
antagonist,n. 对手
tutorial,"n. 辅导课, 教程；adj. 教学的"
invert,v. 使倒置
profusion,n. 大量
trespass,"vi. 非法侵入, 道德过失；n. 非法侵..."
incongruous,adj. 不协调的
manor,"n. 庄园, 采邑, 辖区"
downpour,n. 暴雨
nanotechnology,n. 纳米技术
pseudonym,n. 笔名
ferocity,n. 凶猛
overhang,"v. 悬垂；n. 悬垂部分, 悬垂量, 过剩"
degenerate,v. 退化；adj. 堕落的；n. 堕落者
disillusionment,n. 幻灭
surcharge,n. 附加费；v. 收取附加费
hostel,"n. 青年旅舍, 收容所"
extrinsic,adj. 外在的
conqueror,n. 征服者
pretentious,adj. 做作
whirlpool,"n. 漩涡, 按摩浴缸"
hitherto,adv. 至今
lenient,adj. 宽容的
layman,"n. 外行, 平信徒"
engross,v. 专注
convection,n. 对流
disrespectful,adj. 不尊重的
normalization,n. 标准化
silverware,"n. 银制餐具, 餐具, 银杯"
yoke,"n. 轭, 束缚, 扁担, 过肩；v. 给...上..."
sightseeing,n. 观光
multiracial,adj. 多种族的
retailing,n. 零售
midpoint,n. 中点
tramp,"n. 流浪汉, 沉重的脚步声, 长途跋..."
bequeath,"v. 遗赠, 遗留"
raven,n. 渡鸦；adj. 乌黑发亮的
haphazard,adj. 随意的
commonwealth,"n. 英联邦, 联邦州, 美国自由邦, 政..."
geothermal,adj. 地热的
superfluous,adj. 多余的
congenial,"adj. 志趣相投的, 合意的, 适宜的"
affable,adj. 和蔼可亲
enterprising,adj. 开拓进取
doomed,adj. 注定失败
antagonistic,adj. 敌对的
outstrip,"v. 超越, 胜过, 跑得更快"
indignity,n. 羞辱
dissimilar,adj. 不同
affront,n. 冒犯；v. 侮辱
combative,adj. 好斗的
supplementary,adj. 补充的
gelatin,n. 明胶
deluge,"n. 洪水, 大量；v. 淹没"
redden,v. 变红
indecent,"adj. 下流, 暴露, 不得体"
roost,n. 栖木；v. 栖息
brook,n. 小溪；v. 容忍
wager,"n. 赌注；v. 打赌, 确信"
detest,v. 厌恶
elucidate,v. 阐明
virtuoso,n. 演奏家；adj. 精湛
aggravated,adj. 加重犯罪
irrigate,"v. 灌溉, 冲洗"
rapture,n. 狂喜
spool,"n. 线轴；v. 绕线, 缓冲"
exasperated,adj. 恼怒的
audacious,adj. 大胆的
conifer,n. 针叶树
despicable,adj. 卑鄙的
barometer,"n. 气压计, 晴雨表"
feudal,adj. 封建的
vernacular,"n. 方言, 乡土建筑风格；adj. 方言..."
hallowed,"adj. 备受尊崇的, 神圣的"
degeneration,n. 退化
astounded,adj. 震惊
electrify,"v. 通电, 使激动"
dupe,v. 欺骗；n. 受骗者
adjourn,v. 休会
trifle,"n. 水果松糕, 一点点, 小事；v. 轻..."
amphibian,n. 两栖动物
subordination,n. 从属
navigator,n. 导航员
concentric,adj. 同心的
kindle,"v. 点燃, 激起"
abject,"adj. 极坏的, 卑微的"
accredit,"v. 认可, 授权, 认证"
rhino,n. 犀牛
calibration,"n. 校准, 刻度"
suffrage,n. 选举权
posterity,n. 后代
envisage,v. 设想
monsoon,n. 季风
illiteracy,"n. 文盲, 无知"
exorbitant,adj. 天价
totem,"n. 图腾, 象征"
frugal,"adj. 节俭的, 朴素的"
destitute,"adj. 一贫如洗的, 穷人, 缺乏的"
anaerobic,"adj. 厌氧的, 无氧运动的"
voracious,"adj. 贪吃的, 求知欲强的"
remittance,"n. 汇款, 汇款行为"
embolden,"v. 鼓励, 加粗"
decrepit,adj. 破旧的
seclusion,n. 隔离
repent,v. 后悔
outrun,"v. 比...跑得快, 发展快于"
quartz,n. 石英
opulent,"adj. 富有的, 非常富有的"
thunderous,"adj. 雷鸣般的, 暴怒的"
woodpecker,n. 啄木鸟
surmount,"v. 克服, 置于...之上"
televise,v. 电视播放
executioner,n. 刽子手
feces,n. 粪便
outgrowth,"n. 分枝, 产物"
paucity,n. 少量
standby,n. 备用；adj. 备用
meddle,"vi. 干涉, 乱动"
duplication,"n. 复制, 重复"
bewilderment,n. 困惑
geyser,"n. 间歇泉, 燃气热水器, 电热水器"
provenance,n. 来源
exhilaration,n. 兴奋
fowl,"n. 家禽, 鸟"
underdeveloped,adj. 欠发达的
perplexing,adj. 令人困惑的
malevolent,adj. 恶毒
ointment,n. 药膏
autoimmune,adj. 自身免疫
elapse,v. 流逝
sunburn,n. 晒伤
headmaster,n. 男校长
phosphate,n. 磷酸盐
goad,"v. 不断敦促；n. 赶牛棒, 刺激物"
sporadically,adv. 偶尔
repellent,"adj. 令人反感的, 防渗透的；n. 驱..."
astray,"adv. 走错路, 使误入歧途"
redundancy,"n. 裁员, 冗余"
glossary,n. 术语表
ramble,"vi. 漫步, 漫谈, 蔓生；n. 漫步, 漫谈"
sentient,adj. 有知觉的
legume,n. 豆科植物
irate,adj. 暴怒
fibrous,adj. 纤维的
liberated,adj. 思想解放的
succulent,"adj. 多汁美味, 肉质植物；n. 多肉..."
inducement,n. 诱因
monotonous,adj. 单调的
humanistic,adj. 人本主义
chairperson,n. 主席
kale,n. 羽衣甘蓝
longitude,n. 经度
ether,"n. 乙醚, 苍穹, 以太"
evocation,n. 唤起
progeny,n. 后代
thrilled,adj. 激动
topsoil,n. 表土层
judicious,adj. 明智的
bouncing,adj. 精力充沛
symbiotic,"adj. 共生的, 互惠互利的"
precipitous,"adj. 陡峭, 急剧, 草率"
entwine,"v. 缠绕, 紧密相连"
retake,"v. 重新控制, 补考；n. 重拍, 补考"
substandard,adj. 不合格
circumscribe,"v. 限制, 画线围绕"
tusk,n. 獠牙
falsehood,"n. 谎言, 说谎"
gunpowder,n. 火药
loath,adj. 不情愿的
eddy,n. 漩涡；v. 旋转
impel,v. 驱使
centralize,v. 集中
malt,"n. 麦芽, 麦芽威士忌, 麦芽饮品"
materialistic,adj. 物质主义
discerning,adj. 敏锐的
chisel,"n. 凿子；v. 凿, 骗"
everlasting,"adj. 永久的, 持久的"
close-knit,adj. 紧密的
alchemy,"n. 炼金术, 点金术"
implausible,adj. 难以置信
chameleon,"n. 变色龙, 见风使舵的人"
pompous,adj. 自负的
taper,"v. 逐渐变细；n. 引火物, 细蜡烛, 逐..."
distill,"v. 蒸馏提纯, 蒸馏制酒, 提炼精华"
liqueur,"n. 利口酒, 一小杯香甜利口酒"
dynamism,n. 活力
retard,v. 延缓；n. 智障
nominally,"adv. 名义上的, 象征性地, 作名词用"
considerate,adj. 体贴的
cognac,"n. 干邑白兰地, 一杯干邑"
unconcerned,"adj. 漠不关心, 不感兴趣"
uplift,"n. 提升, 振奋, 隆升；v. 振奋"
frailty,"n. 虚弱, 性格缺陷"
subdivide,v. 细分
penicillin,n. 青霉素
extravagance,"n. 挥霍, 奢侈品, 夸张的事物"
reminiscence,"n. 回忆, 回忆行为, 使人想起的事物"
reticent,adj. 沉默寡言
gregarious,"adj. 喜欢交际的, 群居的"
reversible,"adj. 可双面穿的, 可逆的"
blackmail,"n. 敲诈勒索, 胁迫；v. 勒索"
alight,"adj. 燃烧的, 容光焕发的；vi. 降落..."
corona,"n. 日冕, 冠状病毒病"
unyielding,"adj. 固执的, 坚硬的"
trivialize,v. 轻视
whisky,"n. 威士忌, 一杯威士忌"
subsist,"vi. 勉强维生, 持续存在"
counterfeit,adj. 伪造的；n. 仿制品；v. 伪造
sapphire,"n. 蓝宝石, 宝蓝色；adj. 宝蓝色的"
dehydrate,v. 脱水
holocaust,"n. 浩劫, 纳粹大屠杀"
incipient,adj. 初期的
aquaculture,n. 水产养殖
viciously,"adv. 恶意地, 凶狠地"
carousel,"n. 旋转木马, 行李传送带"
afield,"adv. 偏远, 田野"
cicada,n. 蝉
pester,v. 烦扰
rebuke,n. 斥责；v. 斥责
innermost,"adj. 内心最深处, 最内部的"
disorderly,"adj. 混乱且无法无天的, 不整洁的"
inhalation,n. 吸入
pacifist,adj. 和平主义；n. 和平主义者
capricious,"adj. 反复无常的, 多变的"
wharf,n. 码头
disparage,v. 贬低
enforced,adj. 强制
extramarital,adj. 婚外的
scorpion,n. 蝎子
intelligible,adj. 易懂
incendiary,"adj. 易燃的, 煽动性的；n. 燃烧弹"
shackle,"n. 镣铐, 束缚；v. 给...戴上镣铐, 限制"
copious,adj. 大量的
unwrap,v. 拆开
enchanting,adj. 迷人的
solicitor,"n. 事务律师, 推销员, 市镇律师"
consonant,"n. 辅音, 辅音字母；adj. 一致的"
inordinate,adj. 过度的
supersonic,adj. 超音速的
pancreas,n. 胰腺
henceforth,adv. 从今以后
outmoded,adj. 过时的
offshoot,"n. 分支, 新枝"
postgraduate,n. 研究生
chieftain,"n. 酋长, 头目"
delude,v. 欺骗
acidity,n. 酸味
germinate,v. 发芽
respiration,"n. 呼吸, 呼吸作用"
assertiveness,n. 自信
invalid,"adj. 无效的, 不正确的；n. 病人；v. ..."
microchip,n. 微芯片；v. 植入微芯片
internist,n. 内科医生
imperil,v. 危害
ameliorate,v. 改善
lullaby,n. 摇篮曲
scavenge,"v. 搜寻, 食腐"
hyperactive,adj. 多动
deleterious,adj. 有害的
twofold,"adj. 双重的, 两倍的；adv. 成两倍地"
misdeed,n. 不端行为
landlady,"n. 女房东, 女店主"
blemish,n. 瑕疵；v. 损坏
adjoin,v. 毗邻
zigzag,adj. 之字形的；n. 之字形线；v. 曲...
semantics,"n. 语义学, 语义"
reinvigorate,v. 重振
vaporize,v. 蒸发
heretic,n. 异教徒
infest,v. 寄生
merciful,"adj. 仁慈的, 减轻痛苦的"
exterminate,v. 消灭
achiever,"n. 成功人士, 有所成就的人"
sit-up,n. 仰卧起坐
attainable,adj. 可达到的
grotto,n. 洞穴
planetarium,n. 天文馆
vex,v. 使烦恼
interrelationship,n. 相互关系
talkative,adj. 健谈的
inexorable,adj. 不可阻挡
gist,n. 要点
cropland,n. 耕地，农田
flint,"n. 燧石, 打火石"
ferment,v. 发酵；n. 动荡
mason,"n. 砌砖工, 共济会成员"
counterbalance,v. 抵消；n. 平衡物
forerunner,n. 先驱
tasteless,"adj. 无味的, 不得体的, 品味差的"
trinket,n. 小饰品
familiarize,v. 熟悉
photosynthesis,n. 光合作用
gratify,v. 满足
mystify,v. 使困惑
magnetism,"n. 磁性, 魅力"
insular,"adj. 狭隘, 孤僻, 岛屿的"
particularity,"n. 特殊性, 严谨性, 特征"
darkroom,n. 暗室
cauliflower,n. 花椰菜
blown,v. 吹毁
sac,n. 囊
prohibitive,"adj. 价格过高的, 法律禁止的, 必..."
acumen,n. 敏锐
homesick,adj. 想家
amphibious,"adj. 两栖的, 两栖作战, 水陆两用的"
floodplain,n. 洪泛区
beehive,"n. 蜂巢, 蜂窝头"
atlas,n. 地图册
trimester,"n. 三个月期, 学期"
biochemistry,"n. 生物化学, 生物化学物质"
repaint,"v. 重新粉刷, 改色"
heartless,adj. 无情的
introspection,n. 自省
measles,n. 麻疹
terse,adj. 简洁的
cyclone,"n. 气旋, 低气压风暴, 旋风网围栏"
indigo,adj. 靛蓝色
antiseptic,"n. 伤口消毒剂；adj. 抗菌剂, 无菌的"
rebut,v. 反驳
tiresome,adj. 烦人
uptake,"n. 利用, 吸收"
submissive,adj. 顺从的
sizeable,adj. 相当大的
cobble,v. 修补
recollect,v. 回忆
recalcitrant,adj. 倔强
electrically,adv. 电地
psychosis,n. 精神病
inoculate,v. 接种
shanty,"n. 棚屋, 船歌"
boarder,"n. 寄宿生, 寄宿者"
supplementation,n. 补充
invertebrate,n. 无脊椎动物；adj. 无脊椎的
irritant,"n. 刺激物, 煩惱源；adj. 刺激性的"
supposition,n. 推测
salinity,n. 盐度
stethoscope,n. 听诊器
spindle,n. 纺锤
pimple,n. 粉刺
robin,"n. 欧亚鸲, 美洲知更鸟"
aftershock,n. 余震
derelict,"adj. 废弃, 失职；n. 流浪者"
vertebrate,adj. 有脊椎的；n. 脊椎动物
encore,n. 返场表演；interj. 要求返场
repulse,"v. 使厌恶, 击退, 拒绝"
demote,v. 降职
sleet,n. 雨夹雪；v. 下冰粒
hiccup,"n. 打嗝, 连续打嗝, 小问题；v. 打嗝"
lard,n. 猪油；v. （在肉中）嵌肥肉
leaning,n. 倾向
compendium,n. 概要
misjudge,"v. 误解, 误判"
morphology,"n. 形态学, 词法"
payable,"adj. 应付的, 付款给...的"
confederation,"n. 联盟, 联邦"
reproach,"n. 责备, 责备的话, 羞耻感, 可耻的..."
brainchild,n. 创意产物
intonation,"n. 语调, 音准"
facsimile,"n. 精确复制品, 传真机"
tertiary,adj. 第三的
dilate,v. 扩大
plagiarism,n. 抄袭
primeval,adj. 原始的
impressively,adv. 令人印象深刻地
suitably,"adv. 适当地, 恰当地"
flipper,"n. 鳍肢, 脚蹼"
photocopy,"n. 复印件；v. 复印, 复印效果好/差"
fallow,"adj. 休耕地, 停滞期"
stagnate,"vi. 停滞不前, 淤积"
impinge,v. 侵犯
rooted,"adj. 源于...的, 根深蒂固的, 筋疲..."
foregoing,"adj. 前述的, 前述内容"
malleable,"adj. 可锻的, 易受影响的"
episodic,"adj. 偶发的, 分集式"
suitability,n. 适用性
herder,n. 牧民
self-taught,adj. 自学的
caustic,"adj. 腐蚀性的, 尖刻的"
mammalian,adj. 哺乳类
impersonate,v. 模仿
rabies,n. 狂犬病
multipurpose,adj. 多用途的
habitable,adj. 宜居
ostrich,"n. 鸵鸟, 鸵鸟心态的人"
abysmal,adj. 极差的
soluble,"adj. 可溶解的, 可解决的"
percolate,"v. 渗透, 传播, 用渗滤壶煮咖啡"
headwaters,n. 源头
seagull,n. 海鸥
rejuvenate,v. 焕新
laborious,adj. 费力的
disembark,v. 下船
divest,"v. 脱下, 剥离, 剥夺"
detritus,"n. 碎屑, 残余物"
corporal,n. 下士
inadvertent,adj. 无意的
disfigure,v. 毁容
hindrance,"n. 障碍物, 阻碍行为"
jade,"n. 玉石, 玉器, 翠绿色"
inculcate,v. 灌输
pent-up,"adj. 压抑的, 内敛的"
advisable,adj. 明智的
conservatory,"n. 温室, 音乐学院"
offensively,"adv. 无礼地, 进攻性地, 进攻地"
extinguisher,n. 灭火器
dimensional,"adj. 尺寸的, 立体的"
concealment,n. 隐藏
blue-chip,adj. 蓝筹股的
hinterland,n. 内陆地区
spleen,"n. 脾脏, 怒气"
frock,n. 连衣裙
cheetah,n. 猎豹
benevolence,n. 仁慈
sportsmanship,n. 体育精神
overjoyed,adj. 狂喜
unprofitable,"adj. 不盈利的, 无益的"
incubate,"v. 孵化, 培养, 潜伏, 酝酿"
jellyfish,n. 水母
plural,"n. 复数形式；adj. 表示复数的, 多..."
curvature,n. 弯曲
scuffle,"n. 扭打；vi. 扭打, 沙沙地移动"
polygamy,n. 一夫多妻
telecast,v. 电视播送；n. 电视广播
renown,n. 盛名
beech,"n. 山毛榉, 山毛榉木"
lifelike,adj. 逼真的
checked,adj. 方格图案的
walkie-talkie,n. 对讲机
dislocate,"v. 脱臼, 扰乱"
kindred,"n. 亲属, 血缘关系；adj. 相似的"
industrious,adj. 勤奋的
governorship,"n. 州长职位或任期, 治理州或组织..."
mishandle,"v. 处理不当, 粗鲁对待"
raptor,n. 猛禽
deciduous,adj. 落叶的
girlish,adj. 少女般的
uproot,"v. 连根拔起, 迁离"
precipice,n. 悬崖
oxidation,n. 氧化
pacify,"v. 安抚, 平息"
laissez-faire,n. 自由放任
perceptible,"adj. 可察觉的, 可感知的"
divisional,adj. 部门的
muddle,"v. 弄乱, 使困惑, 混淆；n. 混乱的思..."
despondent,adj. 沮丧的
steppe,n. 草原
innovate,v. 创新
contrived,adj. 人为的
post-mortem,"n. 尸检, 事后分析"
leathery,adj. 皮革似的
neuroscience,n. 神经科学
undersea,adj. 海底的
adornment,"n. 装饰品, 装饰"
coloration,n. 颜色
jaguar,n. 美洲豹
sloth,"n. 树懒, 懒惰"
dogged,adj. 固执的
bridle,"n. 马笼头；v. 给马套上笼头, 昂首..."
stewardess,"n. 空姐, 女乘务员"
riverbed,n. 河床
prospectus,"n. 招生简章, 招股说明书"
ruthlessly,adv. 无情地
prologue,n. 序言
quench,"v. 解渴, 熄灭"
unanimity,n. 一致同意
airflow,n. 气流
plumb,"v. 探究；adv. 精确地, 完全地"
posthumous,adj. 死后的
dutiful,adj. 尽职的
recyclable,adj. 可回收的
hamster,n. 仓鼠
semicircle,"n. 半圆, 半圆形"
oscillate,"vi. 摆动, 往复移动, 强弱变化"
acrobat,n. 杂技演员
abode,n. 住所；v. 居住
incapacitate,v. 使失能
laudable,adj. 值得称赞的
anesthetic,n. 麻醉药；adj. 麻醉的
canary,n. 金丝雀
carbonate,n. 碳酸盐
succinct,adj. 简洁的
airbag,n. 安全气囊
sunspot,n. 太阳黑子
corrode,"v. 腐蚀（金属等）, 侵蚀"
bearable,adj. 可承受的
absenteeism,n. 缺勤
incinerate,v. 焚烧
viewfinder,n. 取景器
plankton,n. 浮游生物
subspecies,n. 亚种
fermentation,n. 发酵
storehouse,"n. 仓库, 宝库"
check-in,n. 值机柜台
maelstrom,n. 漩涡
incubation,"n. 孵化, 潜伏期, 培养"
revile,v. 辱骂
undergrowth,n. 林下植物
ponderous,"adj. 沉闷, 笨重"
imprecise,adj. 不精确的
interconnect,v. 互联
fission,"n. 核裂变, 细胞分裂"
vulgarity,n. 粗俗
analogue,"adj. 模拟的, 指针式的；n. 类似物"
cobra,n. 眼镜蛇
haystack,n. 干草堆
consequential,"adj. 作为结果或后果的, 重要的"
elitism,"n. 精英主义, 精英优越感"
pervert,"v. 歪曲, 误导；n. 性变态者"
polyethylene,n. 聚乙烯
inhumane,adj. 不人道的
infallible,"adj. 无误, 可靠"
retell,v. 复述
seashell,n. 贝壳
scrupulous,"adj. 严谨, 正直"
silica,n. 二氧化硅
subliminal,adj. 潜意识的
exploitative,adj. 剥削性的
malign,v. 诽谤；adj. 有害的
hibernation,n. 冬眠
irrevocable,adj. 不可撤销
tranquility,n. 宁静
decapitate,v. 斩首
ejection,"n. 驱逐, 弹出, 弹射逃生"
expressway,n. 高速公路
starlet,n. 新星
reclamation,"n. 土地复垦, 废物回收利用, 收回"
diction,"n. 发音清晰度, 措辞"
foretell,v. 预言
immaterial,"adj. 不重要的, 非物质的"
lavatory,"n. 厕所, 公共厕所"
monotone,n. 单调；adj. 缺乏变化
incarnate,adj. 化身的；v. 体现
cavort,v. 欢跃
negotiable,"adj. 可协商的, 可流通的"
subcontinent,n. 次大陆
workaholic,n. 工作狂
uncooperative,adj. 不合作的
rankle,v. 怨恨
stoneware,n. 石器
legible,adj. 清晰可读
constipation,n. 便秘
finch,n. 雀
viscous,adj. 粘稠的
atrocious,"adj. 极差的, 残暴的"
earthenware,n. 陶器
incongruity,n. 不一致
venomous,"adj. 有毒的, 恶毒的"
magma,n. 岩浆
inalienable,adj. 不可剥夺
apathetic,adj. 冷漠
interplanetary,adj. 行星际的
sulfate,n. 硫酸盐
authenticate,"vi. 确认, 验证"
alkaline,"adj. 碱性的, 含碱的"
lubricate,v. 润滑
sorrowful,adj. 悲伤的
convulse,"v. 抽搐, 狂笑"
esthetic,"adj. 美学的, 具有美感的；n. 美感,..."
cornea,n. 角膜
auspicious,adj. 吉利的
hazel,n. 榛树；adj. 榛色
fluoride,n. 氟化物
progenitor,"n. 祖先, 创始人"
bioterrorism,n. 生物恐怖主义
abbreviation,"n. 缩写, 缩写行为"
sulfide,n. 硫化物
redouble,v. 加倍
brevity,"n. 简洁, 短暂"
keystone,"n. 拱顶石, 关键"
crustacean,n. 甲壳动物
radioactivity,n. 辐射
magnificently,adv. 宏伟地
bronchitis,n. 支气管炎
approachable,"adj. 平易近人的, 可到达的"
pollinator,n. 传粉者；adj. 传粉的
badminton,n. 羽毛球
presage,n. 预兆；v. 预示
herbivore,n. 食草动物
carpentry,"n. 木工手艺, 木制品"
causeway,n. 堤道
lotus,"n. 莲花, 莲花纹饰, 忘忧果"
antimatter,n. 反物质
astrophysics,n. 天体物理学
platitude,n. 陈词滥调
sociable,adj. 合群
fastidious,"adj. 一丝不苟的, 爱整洁的"
verbatim,adj. 逐字的
inductive,"adj. 归纳的, 感应的"
aggravation,"n. 加重, 烦恼"
watercress,n. 豆瓣菜
unobtrusive,adj. 不显眼的
subsection,n. 子章节
neurosis,"n. 神经官能症, 神经症"
subtropical,adj. 亚热带的
eardrum,n. 耳膜
miniskirt,n. 迷你裙
pulverize,"v. 粉碎, 彻底击败"
mime,"n. 默剧表演；v. 用肢体语言表演, ..."
disenchantment,n. 幻灭
appreciable,adj. 相当大的
metamorphose,"vi. 蜕变, 彻底改变"
begrudge,"v. 嫉妒, 不情愿"
capsize,v. 倾覆
averse,adj. 厌恶的
fractional,"adj. 微小的, 分数的, 分馏的"
tadpole,n. 蝌蚪
footpath,"n. 小路, 人行道"
irreparable,adj. 无法修复
indigestion,n. 消化不良
serviceable,adj. 可用的
excrete,v. 排泄
botany,n. 植物学
jailer,n. 看守
write-off,"n. 全损车辆, 无效时间, 坏账核销"
larynx,n. 喉
repatriate,"v. 遣返, 汇回"
hundredth,num. 第一百；n. 百分之一
uncritical,adj. 不批判
slander,n. 诽谤；v. 诽谤
originator,n. 创始者
bothersome,adj. 烦人的
guesswork,n. 猜测
melatonin,n. 褪黑素
sonata,n. 奏鸣曲
propellant,n. 推进剂
perishable,adj. 易腐的
unsophisticated,"adj. 缺乏经验的, 简单的"
ostentatious,"adj. 炫耀的, 引人注目的"
monogamy,"n. 一夫一妻制, 单配偶制"
hippo,n. 河马
microbiology,n. 微生物学
hydrate,v. 水合
overpass,n. 立交桥
leniency,n. 宽大处理
unbeatable,"adj. 无敌, 最佳"
shrinkage,n. 收缩
starfish,n. 海星
phonograph,n. 留声机
girder,n. 梁
symbiosis,"n. 共生关系, 互利共生"
cogent,adj. 有说服力
byway,"n. 小路, 次要方面"
cellulose,"n. 纤维素, 纤维素衍生物"
plausibility,"n. 可信度, 貌似可信性"
slurry,n. 泥浆
pliable,"adj. 柔韧的, 易受影响的"
isle,n. 小岛
aqueduct,n. 渡槽
ellipse,n. 椭圆
earthworm,n. 蚯蚓
admissible,adj. 可接受的
floodlight,n. 泛光灯；v. 用泛光灯照亮
seaport,n. 海港
zoological,adj. 动物学的
oat,adj. 燕麦制品
pillage,n. 掠夺；v. 掠夺
transcontinental,adj. 横贯大陆的
ruinous,"adj. 亏损的, 破坏性的, 破败的"
storyline,n. 故事情节
embezzlement,n. 贪污罪
demography,n. 人口学
dejected,adj. 沮丧
imbed,"v. 嵌入, 派驻"
yielding,"adj. 柔韧的, 顺从的, 出产的"
pheromone,n. 信息素
irrelevance,"n. 无关性, 无关事项"
proletarian,adj. 无产阶级的；n. 无产者
urbane,adj. 儒雅
teem,v. 充满
uppermost,"adj. 最高处的, 最重要的；adv. 处..."
badger,n. 獾；v. 纠缠
pollination,n. 授粉
enhancer,n. 增强剂
underling,n. 下属
aberrant,"adj. 异常的, 非典型的"
biotic,adj. 生物的
venerate,v. 崇敬
tricycle,n. 三轮车
astrology,n. 占星术
digression,n. 离题
constancy,"n. 恒定, 忠诚"
bluster,"v. 大声威吓, 呼啸；n. 虚张声势"
compulsively,"adv. 强迫性地, 着迷地"
sledge,n. 雪橇；v. 滑雪橇
plausibly,"adv. 可信地, 貌似可信地"
slacken,v. 放松
thrifty,adj. 节俭的
guzzle,v. 狂饮
superstructure,n. 上层建筑
remover,"n. 去除剂, 搬运工"
passable,"adj. 尚可的, 可通过的"
acclimate,v. 适应
transferable,adj. 可转让的
manifold,adj. 多种多样的；n. 歧管
preoccupy,v. 时刻想着
agitator,n. 煽动者
timidly,adv. 胆怯地
branded,adj. 品牌的
auger,"n. 螺旋钻, 地钻"
splint,n. 夹板
generative,adj. 生成性的
scorching,"adj. 灼热的, 猛烈的"
nobleman,n. 贵族
seaboard,n. 海岸地区
gradation,"n. 渐变, 刻度"
mandible,"n. 下颌骨, 鸟喙的上部或下部, 上颚"
harrow,"n. 耙子；v. 耙地, 使痛苦"
capillary,n. 毛细血管
magnificence,n. 壮丽
amicable,adj. 友好的
emulation,"n. 效仿, 模拟"
ultrasonic,adj. 超声波
annul,v. 废除
dramatist,n. 剧作家
dictation,"n. 口述, 听写测试"
enslavement,"n. 奴役, 束缚"
objectify,v. 物化
signpost,"n. 路标；v. 设置路标, 预示"
zoology,n. 动物学
incisive,"adj. 深刻的, 果断的"
phytoplankton,n. 浮游植物，水生环境中漂浮的微...
reverent,adj. 恭敬的
abrogate,"v. 废除, 不履行"
roundabout,"n. 环岛, 旋转木马, 儿童旋转游乐..."
opulence,n. 奢华
ionize,v. 电离
typhoon,n. 台风
obstinate,"adj. 固执的, 难以去除的"
reformation,"n. 改革, 宗教改革"
waterborne,adj. 水传播
arable,adj. 耕地
traceable,adj. 可追溯的
oxidize,v. 氧化
mountaineer,n. 登山者
asymmetric,adj. 不对称的
mandarin,"n. 高级官员, 清朝官员, 普通话, 橘子"
conveyance,"n. 运输, 运输工具, 产权转让证书"
hibernate,v. 冬眠
tenfold,adj. 十倍
celluloid,"n. 赛璐珞, 胶片"
combustible,adj. 易燃的
flax,"n. 亚麻（植物）, 亚麻纤维"
steamboat,n. 蒸汽船
biota,n. 特定地区、栖息地或地质时期的...
meteoric,"adj. 迅速成功, 流星"
fantastically,"adv. 非常好地, 非常, 非常奇怪地"
petrol,n. 汽油
horticulture,n. 园艺
chivalry,"n. 绅士风度, 骑士精神"
acrobatic,adj. 杂技的
apportion,v. 分配
cataclysm,n. 灾难
emboss,v. 凸版
ulterior,adj. 别有用心
impassable,adj. 无法通行
steamship,n. 蒸汽船
chlorophyll,n. 叶绿素
transmute,v. 转变
refract,v. 折射
counterclockwise,adv. 逆时针
defile,v. 玷污；n. 隘口
consignment,"n. 一批货物, 托运"
starchy,"adj. 含淀粉的, 刻板的"
inoculation,n. 接种
unaccountable,"adj. 费解, 免责"
hominid,n. 人科动物
tempest,n. 暴风雨
greenbelt,n. 绿化带，城市周边限制建设的开...
unblemished,adj. 无瑕疵的
quay,n. 码头
repackage,"v. 重新包装, 重新包装呈现"
conductive,adj. 导电的
trapeze,n. 秋千
strapless,adj. 无肩带的
nova,n. 新星
exhalation,n. 呼气
marshland,n. 沼泽地
alchemist,n. 炼金术士
admittance,n. 进入权
centered,"adj. 以...为中心的, 镇定的"
gazelle,n. 瞪羚
beaker,"n. 无柄杯, 一杯的量, 烧杯"
microcomputer,n. 微型计算机
forewarn,v. 预先警告
infirmity,n. 虚弱
timidity,n. 胆怯
cipher,"n. 密码, 无足轻重的人, 姓名首字..."
decompression,"n. 减压, 解压缩"
perspire,v. 出汗
abominable,adj. 可恶的
scandalize,v. 使震惊
turnpike,n. 收费公路
islet,n. 小岛
retrenchment,"n. 削减, 裁员"
fortnight,n. 两周
helix,n. 螺旋
puma,n. 美洲狮
paleontology,n. 古生物学
augmentation,n. 增大
conductivity,n. 导电性
reptilian,adj. 爬行动物的
rhinoceros,n. 犀牛
untrustworthy,adj. 不可靠的
chink,"n. 缝隙, 一线光, 叮当声；v. 发出叮..."
abbreviate,v. 缩写
dystrophy,n. 肌营养不良
vacillate,v. 犹豫不决
gypsum,n. 石膏
abhorrent,adj. 可憎的
extravagantly,"adv. 挥霍地, 过度花费地, 浮夸地"
husbandry,"n. 农业, 节俭"
typist,n. 打字员
internationalist,"n. 国际主义者, 国家代表队运动员"
walrus,n. 海象
viper,"n. 毒蛇, 阴险的人"
nourishing,"adj. 有营养的, 滋养的"
anus,n. 肛门
reputed,adj. 据称的
discouragement,"n. 气馁, 劝阻, 阻碍"
crayfish,n. 小龙虾
affectation,n. 做作
genotype,n. 基因型
deform,v. 变形
practicable,adj. 可行的
rapidity,n. 速度
curative,adj. 治疗的
meteorology,n. 气象学
deceleration,"n. 减速, 变慢的过程"
merriment,n. 欢乐
illegality,"n. 违法性, 违法行为"
hydropower,n. 水电
shilling,n. 先令
luxuriant,"adj. 茂密的, 丰富的"
declarative,adj. 陈述性的
impetuous,adj. 冲动的
colloquial,adj. 口语的
undamaged,adj. 完好无损
aeration,n. 通风
breakage,"n. 碎片, 破损"
porpoise,n. 海豚
blameless,adj. 无可指责的
knotty,"adj. 难以解决的, 多节的"
smelt,v. 熔炼
deface,v. 涂鸦破坏
transference,n. 转移
pantomime,"n. 童话哑剧, 哑剧表演, 荒唐可笑..."
studious,adj. 勤学
industrialize,v. 工业化
wretch,"n. 可怜的人, 卑鄙的人"
desertification,n. 荒漠化
sandstorm,n. 沙尘暴
onwards,"adv. 从某个时间点起, 向前地"
deign,v. 屈尊
invulnerable,adj. 无敌
unconvincing,adj. 不可信
oceanography,n. 海洋学
ladylike,adj. 淑女般的
concealer,n. 遮瑕膏
navigable,"adj. 可航行的, 易于导航的"
disreputable,adj. 不名誉的
isthmus,n. 地峡
addicted,adj. 上瘾的
decentralize,v. 分散权力
hornet,n. 黄蜂
sinew,"n. 肌腱, 力量来源"
prefix,"n. 前缀, 称谓前缀；v. 添加前缀"
millionth,num. 第一百万；n. 百万分之一
pollinate,v. 授粉
inborn,adj. 天生的
labored,"adj. 费力的, 不自然的"
deductive,adj. 演绎的
ventilate,"v. 通风, 公开表达"
depreciate,"v. 贬值, 折旧, 贬低"
daunt,v. 使气馁
counselor,"n. 心理咨询师, 法律顾问, 夏令..."
commiserate,v. 同情
optometrist,n. 验光师
speciality,"n. 特色, 专长"
instinctual,adj. 本能的
deviance,n. 偏差
forgetful,"adj. 健忘的, 疏忽的"
imbibe,"v. 喝, 吸收"
anteroom,n. 前厅
seepage,n. 渗漏
liquefy,v. 液化
reforestation,n. 重新造林
inhumanity,n. 残忍
arthropod,n. 节肢动物
unperturbed,adj. 平静的
digress,v. 离题
siesta,n. 午睡
perplexity,"n. 困惑, 难解之事"
enquiry,"n. 调查, 询问, 查询, 问讯处"
unregistered,adj. 未注册的
sedimentary,adj. 沉积的
cookery,n. 烹饪方法
firebrand,n. 煽动者
topology,n. 拓扑结构
landlocked,adj. 内陆的
beautify,v. 美化
interlock,v. 互锁
spiteful,adj. 恶意的
efface,"v. 擦掉, 使自己不引人注目"
gigabyte,"n. 千兆字节, 吉字节"
gecko,n. 壁虎
toothache,n. 牙痛
barbarous,"adj. 极其残忍的, 未开化的"
robustness,"n. 强健, 坚固, 稳健, 坚定"
sainthood,n. 圣徒身份
apace,adv. 快速地
elongate,v. 拉长
insolent,adj. 无礼的
procrastinate,v. 拖延
decimal,"adj. 十进制的；n. 小数, 十进制"
attractively,adv. 吸引人地
inveterate,"adj. 积习难改, 根深蒂固"
refraction,n. 折射
remuneration,n. 报酬
demonstrative,"adj. 感情外露的, 指示的；n. 指示词"
epidermis,n. 表皮
all-around,"adj. 综合, 全能"
vanquish,v. 战胜
natal,adj. 出生的
omnipotent,adj. 全能的
eco-friendly,adj. 环保的
sedimentation,n. 沉积
monorail,"n. 单轨列车, 单轨车"
crosswalk,n. 人行横道
indemnity,"n. 赔偿承诺, 赔偿金"
phoenix,n. 凤凰
windscreen,n. 挡风玻璃
fiber,"n. 膳食纤维, 纤维"
homeward,adv. 向家的；adj. 归家的
lorry,n. 卡车
beneficent,adj. 行善的
sufficiency,n. 充足
tableware,n. 餐具
tensile,"adj. 拉伸的, 可延伸的"
orca,n. 虎鲸
ecliptic,n. 黄道
trifling,adj. 不重要的
plagiarize,v. 剽窃
secondarily,adv. 次要地
scanty,"adj. 不足的, 少量的"
excretion,n. 排泄
overwork,v. 过度工作；n. 过度劳累
unsanitary,adj. 不卫生的
stomachache,"n. 胃痛, 腹部疼痛"
landmass,"n. 大陆块, 大面积陆地"
treble,"n. 高音部分, 童声高音, 高音声乐, ..."
harmoniously,"adv. 和谐地, 协调地"
punctual,adj. 准时的
stalactite,n. 钟乳石
incise,v. 雕刻
regurgitate,"v. 反胃, 复述"
imprudent,adj. 轻率的
energy-saving,adj. 节能的
overdraft,n. 透支
hydrology,n. 水文学
cinematography,n. 电影摄影
flustered,adj. 慌张的
inadmissible,adj. 不可采纳
cytoplasm,n. 细胞质
bas-relief,n. 浮雕
alluvial,adj. 冲积的
microelectronics,n. 微电子学
earthwork,n. 土方工程
duty-free,adj. 免税品
layover,n. 转机停留
reversion,"n. 回归, 归还"
ionization,n. 电离
titular,"adj. 名义上的, 标题人物"
dignify,"v. 使显得重要, 抬举"
metabolite,n. 代谢产物
hypertext,n. 超文本
inedible,adj. 不可食用
humus,n. 腐殖质
transact,v. 进行交易
archeology,n. 考古学
phlegm,"n. 痰, 沉着"
windpipe,n. 气管
asexual,"adj. 无性的, 无性恋的, 无性生殖的"
gravitation,n. 引力
domesticate,"v. 驯化, 栽培, 顾家"
sundial,n. 日晷
servile,adj. 奴性
hatchling,n. 幼崽
teleconference,v. 电话会议；n. 电话会议
obscenely,"adv. 下流地, 极其"
boastful,adj. 自夸的
gadgetry,n. 小装置
adroit,adj. 灵巧的
adverb,n. 副词
marsupial,adj. 有袋类动物；n. 有袋动物
abstracted,adj. 出神
molt,"v. 蜕皮, 自然脱换；n. 蜕皮过程"
capital-intensive,adj. 资本密集型
tropic,"n. 回归线, 热带地区"
tackler,n. 擒抱者
gratified,adj. 感到满足的
teasingly,"adv. 戏弄地, 暗示性地, 调情地"
collate,"v. 汇总, 整理"
statuesque,adj. 雕像般的
disconcert,v. 使不安
interpose,"v. 插入, 介入"
disharmony,n. 不和谐
punctuality,n. 守时
determinate,adj. 明确的
baleful,"adj. 恶意的, 有害的"
herdsman,n. 牧人
introvert,n. 性格内向的人；adj. 内向的
crockery,"n. 餐具, 烤具"
inviolable,adj. 不可侵犯
gallbladder,n. 胆囊
pupa,n. 蛹
dissemble,v. 掩饰
abridge,v. 缩短
polygon,n. 多边形
narrow-minded,adj. 狭隘
fecund,"adj. 多产的, 富有创造力的"
indolent,adj. 懒惰的
unhindered,adj. 畅通
impoverish,"v. 使贫困, 使贫瘠"
pumice,n. 浮石
matriculation,"n. 大学注册, 高中毕业"
seahorse,n. 海马
coherently,"adv. 有条理地, 清晰易懂地"
cress,n. 水芹
casualness,"n. 不经心, 轻松自在, 随意性, 偶然性"
origination,n. 起源
farmstead,n. 农舍
tenable,"adj. 站得住脚的, 可维持的"
touched,"adj. 感动的, 精神不太正常的"
inextricable,adj. 密不可分
enlightening,adj. 启迪性的
perdition,n. 永罚
metallurgy,n. 冶金学
profuse,adj. 丰富的
diffuser,"n. 柔光罩, 扩散器"
claret,"n. 波尔多红酒, 深红色"
landform,n. 地形
dispiriting,adj. 令人沮丧的
quicksilver,n. 水银；adj. 变化迅速的
beastly,adj. 恶劣的
tillage,"n. 耕作, 耕地"
outsell,v. 销量超过
cumulus,n. 积云
stereoscopic,"adj. 立体视觉, 立体成像"
avow,v. 公开声明
choosy,adj. 挑剔的
megacity,n. 特大城市
truant,v. 故意逃学；n. 逃学生
existent,adj. 存在的；n. 存在的事物
reflectivity,n. 反射率
viciousness,"n. 恶意, 仇恨"
faithless,adj. 不忠实的
hieroglyph,n. 象形文字
counterargument,n. 反论
encumber,"v. 妨碍, 拖累"
spineless,"adj. 懦弱的, 无脊椎的, 无刺的"
concord,"n. 和谐, 一致关系"
surfing,"n. 冲浪, 网上冲浪"
extrusion,"n. 挤出, 挤压成型"
shamble,v. 蹒跚
ultramodern,adj. 极其现代的，超现代的
diffident,adj. 缺乏自信
civilize,v. 使文明化
accrete,"v. 增生, 使增生"
flyover,"n. 立交桥, 飞行表演"
hotspot,"n. 热点地区, 风险热点, 热门地点, ..."
abscond,"vi. 潜逃, 携款潜逃"
dormancy,n. 休眠
extrovert,n. 性格外向的人；adj. 外向的
iridium,n. 铱
mantis,n. 螳螂
minibus,n. 小型巴士
undisguised,adj. 露骨的
silversmith,n. 银匠
suppressant,n. 抑制剂
merchandising,"n. 商品营销, 周边产品"
zooplankton,n. 浮游动物
employable,adj. 可聘用
sophisticate,n. 世故者
favorable,"adj. 给人好感的, 赞成的, ..."
recessionary,adj. 衰退性
refundable,"adj. 可退还的, 可退还的款项"
amethyst,n. 紫水晶
breakwater,n. 防波堤
silicate,"n. 硅酸盐, 硅酸盐矿物"
burgeon,v. 迅速发展
impudent,adj. 无礼的
glycogen,n. 糖原，动物和真菌中储存能量的...
hypersonic,adj. 超音速的（速度超过音速五倍...
edify,v. 启迪
underpass,n. 地道
cohere,"vi. 粘合, 团结"
meteoroid,n. 流星体
alkali,n. 碱
pictograph,"n. 象形文字, 象形图"
mutable,adj. 可变的
despoil,v. 掠夺
abashed,adj. 尴尬的
perquisite,"n. 额外福利, 特权"
abrade,v. 磨损
infliction,n. 施加痛苦
computerization,"n. 计算机化, 信息化处理"
demigod,"n. 半神, 神人"
ethnology,n. 民族学
distend,v. 膨胀
sanitarium,n. 疗养院
inoffensive,adj. 无害的
contributory,"adj. 导致性的, 缴费的"
turbid,adj. 浑浊的
speciation,n. 物种形成
bafflement,n. 困惑
aeronautics,n. 航空学
insularity,"n. 狭隘性, 不与人交往"
reagent,n. 试剂
hexagon,n. 六边形
enquire,v. 询问
compaction,"n. 压实，压缩, 紧密堆积"
doleful,adj. 悲伤的
assistantship,"n. 助理职位, 助教奖学金"
seclude,v. 隔离
viscera,n. 内脏
coagulate,v. 凝结
tyrannosaurus,n. 暴龙
subliminally,adv. 潜意识地
guzzler,n. 狂饮者
snobbish,adj. 势利的
cloakroom,"n. 衣帽间, 洗手间"
unidirectional,adj. 单向的
bestial,adj. 兽性的
spoilage,n. 腐败
spun,v. 快速旋转
stalagmite,n. 石笋
overrate,v. 高估
demerit,"n. 缺点, 记过"
electromagnetism,n. 电磁力
arboreal,adj. 树栖的
abstruse,adj. 深奥的
minicomputer,"n. 小型机, 微型机"
infiltrator,n. 渗透者
requisition,n. 征用请求；v. 征用
divisible,"adj. 可分割的, 可整除的"
subsoil,n. 底土
tenancy,"n. 租赁期限, 租赁权"
lodger,n. 房客
finitude,n. 有限性
intermix,v. 混合
magnetosphere,"n. 磁层, 磁层（天体周围受其磁场..."
bewilder,v. 使困惑
hydroponics,n. 水培法
holistically,"adv. 整体地, 全人地"
aeroplane,n. 飞机
attractant,n. 引诱剂
hippopotamus,n. 河马
calcification,n. 钙化
quarrelsome,adj. 好争吵的
unsolvable,"adj. 无法解决的, 不可溶解的"
robustly,"adv. 强健地, 坚固地, 坚定地"
borehole,n. 钻孔
motorway,n. 高速公路
soundproof,v. 隔音处理；adj. 隔音的
forgivable,adj. 可原谅的
ostentation,n. 炫耀
ejecta,n. 喷出物（尤指火山或天体喷出的...
computerize,"v. 计算机化, 将信息输入计算机"
unashamed,adj. 不害臊
statesmanlike,adj. 有政治家风范的
marvelous,adj. 极好的
inwards,adv. 向内
prolongation,n. 延长
stonemason,n. 石匠
fossilize,"v. 化为化石, 僵化"
dexterous,adj. 灵巧的
popularization,"n. 普及, 通俗化"
matchless,adj. 无双
decouple,v. 分离
magnetize,"v. 磁化, 吸引"
pseudoscience,n. 伪科学
participle,n. 分词
wordy,adj. 冗长的
multicellular,adj. 多细胞的
douche,v. 用冲洗器冲洗阴道；n. 阴道冲洗
spasmodic,"adj. 阵发性的, 痉挛性的"
biometrics,"n. 生物识别技术, 生物特征"
endeavour,n. 努力；v. 努力去做
abiotic,adj. 非生物的
krill,n. 磷虾
seismograph,n. 地震仪
thundercloud,n. 雷雨云
piecework,n. 计件工作
slanderous,adj. 诽谤性的
colloquialism,n. 口语
nestling,n. 雏鸟
cuneiform,n. 楔形文字
refectory,n. 食堂
invariable,adj. 不变的
omnivore,n. 杂食动物
aspirational,"adj. 有抱负的, 激励性的"
diarrhea,n. 腹泻
parasitism,"n. 寄生关系, 寄生行为"
aluminum,n. 铝
overlie,v. 覆盖
interlink,v. 相互连接
inviolability,n. 不可侵犯
non-believer,n. 不信者
valueless,adj. 无价值的
decrepitude,n. 破败
enlarger,n. 放大机
aridity,"n. 干旱, 枯燥"
tangibly,"adv. 明显地, 可触摸地"
diverting,adj. 娱乐的
strapped,adj. 缺钱的
fulfillment,"n. 实现, 履行, 满足感, 订单履行"
wastage,"n. 浪费, 耗损量, 自然减员"
oversell,"v. 过度吹捧, 超卖"
jewelry,n. 首饰
indemnify,"v. 赔偿, 保障"
compactness,"n. 紧凑性, 精悍, 密实度"
seedbed,"n. 苗床, 温床"
loess,n. 黄土
obsessional,adj. 强迫性的
enfranchisement,n. 选举权
slothful,adj. 懒惰的
anesthetist,n. 麻醉师
glaciation,n. 冰川作用
polymath,n. 博学的人
macroeconomics,n. 宏观经济学
gaol,n. 监狱；v. 监禁
artefact,n. 人造物品
enfranchise,v. 授予选举权
chervil,n. 细叶芹
scissor,adj. 剪刀
timorous,adj. 胆怯的
situated,"adj. 位于, 处于"
excusable,adj. 可原谅的
accountancy,n. 会计
winkle,"n. 滨螺；v. 费力取出，撬出, ..."
oxidant,n. 氧化剂
alkalinity,n. 碱性
quartzite,"n. 石英岩, 石英岩石块"
kohlrabi,n. 甘蓝
unconquerable,adj. 不可征服的
asocial,"adj. 不合群的, 不关心他人的"
modish,adj. 时尚的
caries,n. 龋齿
unicellular,adj. 单细胞的
recondite,adj. 深奥的
puerile,adj. 幼稚
elicitation,n. 引出
storey,"n. 楼层, 层数"
disconsolately,adv. 沮丧地
analog,"adj. 模拟的, 类似的；n. 模拟设备"
underlay,n. 垫层
sunshade,"n. 遮阳伞, 太阳镜夹片"
seismometer,n. 地震仪
lingual,"adj. 舌的, 语言的, 用舌发出的"
synthetically,adv. 合成地
climatology,n. 气候学
blackhead,n. 黑头
cetacean,n. 鲸类
cosset,v. 宠爱
maltreat,v. 虐待
reticular,"adj. 网状的, 网络状的"
lacking,"adj. 不足, 缺少"
subjectivism,n. 主观主义
magnetite,"n. 磁铁矿, 磁铁矿（铁矿石）"
hydroelectricity,n. 水力发电
landward,adv. 向陆；adj. 朝陆
harbor,"n. 海港；v. 窝藏, 怀有, 蕴藏"
photometer,n. 光度计；v. 用光度计测量
skateboarding,n. 滑板运动
fiord,n. 峡湾
protract,"v. 延长，拖延, 伸出，拉长"
gibbon,n. 长臂猿
brittleness,"n. 脆性, 脆弱性, 情绪脆弱"
go-slow,n. 怠工
corkage,n. 开瓶费
lithosphere,n. 岩石圈
planetoid,n. 小行星；类似行星的小天体
estrange,"v. 使疏远, 使离开"
echolocation,n. 回声定位
discourteous,adj. 无礼的
nought,"n. 零, 无"
meagre,adj. 微薄的
transgene,n. 转基因
vaporization,n. 汽化
orientate,"v. 引导, 定位, 熟悉"
photosensitive,adj. 光敏的
harridan,n. 恶婆
eccentrically,adv. 古怪地
caliber,"n. 素质, 口径"
unfurnished,adj. 未装修
interglacial,n. 间冰期；adj. 间冰期的
conduce,v. 有助于，促成
petrify,"v. 使极度惊恐, 石化"
superintend,v. 监督
blusher,n. 腮红
unfavorable,"adj. 不利的, 不赞成的"
excreta,n. 排泄物
conciliate,v. 安抚
pasturage,n. 牧场
karst,n. 喀斯特地貌，由石灰岩等可溶性...
leaseholder,n. 租户
antedate,v. 先于
fossilization,"n. 化石化过程, 固化过程"
liaise,"vi. 联络, 协调"
mutualism,"n. 互利共生, 互助主义"
lexicographer,n. 词典编纂者
calcify,v. 钙化
dolorous,adj. 悲痛的
antenatal,adj. 产前的
savor,"v. 品尝, 享受；n. 风味"
offensiveness,n. 冒犯性
extendable,adj. 可延长的
fluorine,n. 氟
slenderness,"n. 苗条, 细长, 微小"
punctually,adv. 准时
adventitious,adj. 偶然的
gherkin,"n. 腌黄瓜, 小黄瓜"
polysyllabic,adj. 多音节的
despatch,"v. 快速派遣, 寄送信件, 迅速完成, ..."
armor,"n. 盔甲, 装甲, 装甲车辆"
ladybird,n. 瓢虫
woolen,"adj. 羊毛制的, 与羊毛纺织相关的"
egomania,n. 自大狂
abase,v. 贬低
profitless,adj. 无利润的
biocide,n. 杀生物剂
inclusively,"adv. 包容性地, 包含首尾地"
respire,v. 呼吸
ruminant,n. 反刍动物；adj. 反刍动物的
eland,n. 大羚羊
vileness,n. 恶劣
townscape,"n. 城镇景观, 城镇风景画"
vulgarly,"adv. 粗俗地, 无礼地"
laterality,n. 偏侧性；身体一侧（如手、脚、...
inflammable,adj. 易燃的
ecosphere,"n. 宜居带，生态圈, 全球生态系统"
gazette,"n. 公报, 报"
unprejudiced,adj. 公正的
monoplane,n. 单翼飞机
waterwheel,n. 水车
dredger,n. 挖泥船
polytechnic,n. 理工院校
hypercritical,"adj. 吹毛求疵, 苛求"
destined,"adj. 注定的, 前往的"
microeconomics,n. 微观经济学
permeation,"n. 渗透过程, 遍布"
inapt,"adj. 不恰当的，不合适的, 不熟练..."
foetus,n. 胎儿
leukemia,n. 白血病
sculptress,n. 女雕塑家
collocation,"n. 搭配, 词语搭配"
novelette,n. 中篇小说
multiform,adj. 多种形式的，多样的；n. ...
expiry,n. 到期
coppersmith,"n. 铜匠, 铜匠鸟"
telescreen,n. 电视屏幕，常指带监控功能的显...
anthropoid,adj. 类人的；n. 类人猿
absurdism,"n. 荒谬主义, 荒诞行为"
activator,"n. 激活剂，催化剂, 启动者，..."
begrime,v. 弄脏
bereave,v. 丧亲
calorie,n. 卡路里
Cantonese,"n. 粤语, 说粤语的人；adj. 粤语的"
catalogue,n. 目录，清单；v. 编目
centigrade,n. 摄氏度；adj. 摄氏的
check-up,n. 体检
color-blind,"adj. 色盲, 色盲的"
goods,"n. 商品, 物品, 货物"
criterion,n. 标准
decibel,n. 分贝
disempower,"v. 剥夺权力, 削弱信心"
disorientate,"v. 使迷失方向, 使困惑"
donator,"n. 捐赠者, 献血者"
easy-going,adj. 随和
eatable,adj. 可食用的
enroll,v. 注册
enrollment,n. 注册
exhaustible,"adj. 可耗尽的, 会耗尽的"
flavor,"n. 味道, 口味, 调味料, 特..."
flexitime,n. 弹性工时
foreland,"n. 前方陆地, 岬角"
fumes,n. 浓烟
glamor,"n. 魅力, 华丽"
glutamate,"n. 谷氨酸盐, 谷氨酸"
goggles,n. 护目镜
graphology,n. 笔迹学
hectare,n. 公顷
homestay,"n. 寄宿家庭, 提供住宿的家庭"
inferential,"adj. 推论的, 推理的"
installment,"n. 分期付款, 连载部分, 分期款..."
unintelligible,adj. 难懂
ionizer,n. 离子发生器
journalese,n. 新闻体
Mediterranean,adj. 地中海的；n. 地中海
moribund,"adj. 濒临消亡的, 濒死的"
niggle,"n. 小问题, 挥之不去的烦扰感, 轻..."
Nordic,"adj. 北欧, 北欧人种"
odor,n. 气味
opaquely,"adv. 不透明地, 不透光地"
opaqueness,"n. 不透明性, 晦涩难懂"
ounce,"n. 盎司, 少量"
overfill,v. 过满；n. 过满状态
overgraze,v. 过度放牧
permanency,"n. 恒久性, 永久性"
colorable,"adj. 貌似有理的, 可着色的"
postcode,n. 邮政编码
prefabricate,"v. 预制, 预先准备"
pronounceable,adj. 可发音的
recreate,v. 重现
reorient,"v. 重新定向, 重新调整认知"
wind-resistant,"adj. 抗风的，耐风的, 防风性..."
resit,n. 重考；v. 重考
rumor,n. 谣言；v. 谣传
scourer,n. 锅刷
sluttish,"adj. 淫荡的, 邋遢的"
solar-powered,adj. 太阳能的
stainless,"adj. 不锈的, 无污点的"
subsidise,"v. 补贴, 资助, 补助"
suspender,"n. 吊袜带, 背带"
tropospheric,"adj. 对流层的, 对流层现象的"
unquote,"n. 结束引用的词语, 引文结束"
volt,n. 伏特
vulnerably,adv. 脆弱地
centimeter,n. 厘米
gram,"n. 克, 字"
kilogram,n. 千克
kilometer,n. 千米
neighbor,"n. 邻居, 邻国, 邻近的人, 他人；..."
pence,n. 便士
theater,"n. 剧院, 电影院, 戏剧, 戏..."
Celsius,adj. 摄氏度
Fahrenheit,adj. 华氏的；n. 华氏温标
volcanologist,n. 火山学家
telemeter,v. 遥测发送；n. 遥测仪
Ethernet,"n. 以太网, 以太网线/端口"
gynecologist,n. 妇科医生
poliomyelitis,n. 脊髓灰质炎
tumor,n. 肿瘤
paralyze,v. 使瘫痪
Chinese,"adj. 中国的；n. 中国人, 中文"
chin-up,n. 引体向上
Easter,"n. 复活节, 复活节期间"
Ramadan,n. 斋月，伊斯兰教历的第九个月，...
sneaker,n. 运动鞋
chive,adj. 含细香葱的
lentil,n. 扁豆
pimiento,n. 甜椒
eyedrop,n. 眼药水
oculist,n. 眼科医生
Arabic,n. 阿拉伯语；adj. 阿拉伯的
Italian,"adj. 意大利的；n. 意大利人, 意大..."
people-oriented,adj. 以人为本
Portuguese,"adj. 葡萄牙的；n. 葡萄牙人, 葡萄..."
Russian,"adj. 俄罗斯的；n. 俄罗斯人, 俄语"
Spanish,adj. 西班牙的；n. 西班牙语
well-educated,"adj. 受过良好教育的, 有教养的"
enthrall,v. 迷住
hardworking,"adj. 勤奋的, 努力的"
makeup,"n. 化妆品, 组成, 补考"
underemployment,n. 就业不足
layoff,"n. 裁员, 停歇期；v. 解雇, ..."
proceeding,"n. 诉讼, 进程, 会议记录"
congratulation,"n. 祝贺, 祝贺的话, 祝贺行为"
rigor,"n. 严谨, 严格, 严酷"
aesthetics,"n. 美学, 审美观, 外观"
belonging,n. 归属感
clamor,v. 喧哗
clement,"adj. 温和的, 仁慈的"
cliche,n. 陈词滥调；adj. 老套的，陈...
vantage,"n. 优势位置, 有利机会, 优势"
Jupiter,n. 木星
shoal,"n. 鱼群, 沙洲"
amenity,n. 便利设施
instalment,"n. 分期付款, 分期连载"
monologue,"n. 独白, 独白戏；v. 独白"
preeminent,"adj. 卓越的, 杰出的"
confines,n. 限制
connexion,"n. 联系，关联, 连接，连接物"
appall,v. 使震惊
encyclopaedia,n. 百科全书
Latin,"n. 拉丁语, 拉丁人, 拉丁音乐；adj. ..."
whiskey,"n. 威士忌, 一杯威士忌"
pants,"n. 内裤, 裤子, 差劲的"
credentials,"n. 资历, 证书"
gallon,n. 加仑
quart,n. 夸脱
acre,n. 英亩
millimeter,n. 毫米
watt,n. 瓦特
farther,adv. 更远的；adj. 更远
north-east,"adv. 东北方向, 更靠东北的位置"
north-west,adv. 西北方向
OK,"interj. 好的；可以, 好了, ..."
ox,"n. 阉公牛, 牛"
penny,"n. 便士, 美分"
south-east,"adv. 东南方向, 更偏东南的位置"
south-west,"adv. 西南方向, 更靠近西南的位置"
ton,"n. 吨, 大量, 吨位, 百迈"
well-known,adj. 知名
counterattack,"n. 反击, 反驳；v. 反击, 反驳"
crossbreed,n. 杂交品种；v. 杂交
ex-wife,n. 前妻
postwar,adj. 战后的；n. 战后时期
prepay,v. 预付；adj. 预付的
prewar,adj. 战前的
pro-abortion,adj. 支持堕胎；n. 支持堕胎
semifinal,n. 半决赛；adj. 半决赛的
stepchild,n. 继子女
telecommunication,"n. 电信, 远程通信, 远程信息"
vice-chairman,n. 副主席
Marxism,n. 马克思主义
futurology,n. 未来学
Canadian,adj. 加拿大的；n. 加拿大人
eastwards,adv. 向东
non-alcoholic,adj. 无酒精
non-verbal,adj. 非语言的
illogic,"n. 不合逻辑, 荒谬"
deforest,v. 砍伐森林
ex-husband,n. 前夫
post-date,"v. 倒签, 晚于"
co-editor,n. 合编者；v. 合编
self-centered,adj. 自我中心
Nazism,n. 纳粹主义
Neolithic,adj. 新石器时代
overachiever,"n. 超常发挥者, 优绩者"
quasi-scientific,adj. 伪科学
quasi-religious,adj. 准宗教
quasi-official,"adj. 半官方的, 准官方的"
superabundant,adj. 极其丰富的
infrasonic,adj. 次声的
cross-breed,n. 杂交种
pro-democracy,adj. 支持民主的；n. 支持民主
pro-American,adj. 亲美；n. 亲美
megabyte,n. 兆字节
byte,n. 字节
monomania,n. 偏执狂
worry-free,adj. 无忧无虑的
hundredfold,adj. 百倍的；adv. 百倍地
spoilt,adj. 被宠坏的
woke,v. 醒来；adj. 觉醒的
woken,v. 醒来
vying,v. 竞争
shrank,v. 收缩
shrunk,v. 缩水
drawn,adj. 憔悴的；v. 拉
withdrawn,adj. 内向的
strata,n. 地层
catalyze,v. 催化
make-up,"n. 化妆品, 性格, 组成, 补考"
build-up,"n. 逐渐积累, 准备阶段, 宣传造势"
primaeval,adj. 原始的
vigor,n. 活力
spectra,n. 光谱
desiccate,"v. 干燥, 枯燥"
subtropic,adj. 亚热带的；n. 亚热带地区
Antarctic,adj. 南极的
Arctic,"adj. 与北极地区相关的, 极寒的；..."
Antarctica,n. 南极
Oceania,n. 大洋洲
Atlantic,n. 大西洋；adj. 大西洋的
timberline,n. 林线
run-off,"n. 加赛, 径流"
Yellowstone,n. 美国黄石国家公园；adj. 黄石公...
Rockies,n. 落基山脉
Andes,n. 安第斯山脉
Himalayas,n. 喜马拉雅山脉；adj. 喜马拉雅的
Cretaceous,"adj. 白垩纪的, 白垩质的"
Cambrian,adj. 寒武纪的；n. 威尔士人
seabed,"n. 海底, 海床, 海底地质层"
epicenter,"n. 震中, 中心"
mineralize,"v. 矿化, 添加矿物质"
fine-grained,"adj. 细粒度的，精细的, 颗粒细小的"
endotherm,"n. 恒温动物, 吸热反应"
mollusk,n. 软体动物
mussel,n. 贻贝
ladybug,n. 瓢虫
corolla,n. 花冠
understory,n. 林下植被层
broadleaf,n. 阔叶植物；adj. 阔叶的
wind-borne,adj. 风传播的，风载的
bacterium,n. 细菌
monoxide,"n. 一氧化物, 一氧化碳"
kinesthetic,adj. 动觉
genera,n. 属
ecocide,n. 生态灭绝
reforest,v. 重新造林
Paleolithic,adj. 旧石器时代
Sumerian,n. 苏美尔人；adj. 苏美尔的
Maya,"n. 幻象（印度哲学）, 玛雅（女性名..."
Mesopotamia,n. 美索不达米亚，古代西亚地区，...
troposphere,n. 对流层
stratosphere,"n. 平流层, 最高层"
ionosphere,n. 电离层
updraught,n. 上升气流
hydrosphere,n. 水圈
Venus,n. 金星
Mars,n. 火星
Saturn,"n. 土星, 土星火箭, 土星汽车"
Uranus,"n. 天王星，太阳系第七颗行星, 乌..."
Neptune,"n. 海王星, 涅普顿"
Pluto,"n. 冥王星, 冥王（罗马神话）"
acoustics,n. 声学
magnetization,"n. 磁化, 磁化强度"
carbonize,"v. 碳化, 覆碳"
nanometer,n. 纳米
soybean,"n. 大豆, 大豆籽, 大豆制品"
watercolor,"n. 水彩颜料, 水彩画"
discolor,v. 变色
Impressionism,n. 印象派；adj. 印象派的
eaves,n. 屋檐
labor-intensive,adj. 劳动密集型
Christianity,n. 基督教
Christian,"adj. 基督教的, 与基督徒有关的, ..."
Catholicism,n. 天主教
Buddhism,n. 佛教
Buddhist,adj. 佛教的；n. 佛教徒
Islam,"n. 伊斯兰教, 伊斯兰世界"
Muslim,adj. 伊斯兰教的；n. 穆斯林
action,"n. 行动, 行为, 罢工行动, ..."
agreement,"n. 协议, 一致, 同意"
alga,n. 藻类
appetizer,"n. 开胃菜, 前菜"
aromatic,adj. 芳香的
awful,"adj. 非常糟糕的, 非常令人..."
baptize,v. 施洗
bell,"n. 钟, 铃"
benchmark,n. 基准；v. 基准
bend,"v. 倾斜, 弯曲, 弄弯, ..."
billiards,n. 台球
biorhythm,n. 生物节律
bishop,"n. 主教, 象"
bitter,"adj. 苦味的, 充满怨恨的, ..."
blot,"v. 吸墨, 弄污；n. 污点"
blow,"v. 吹气, 吹风, 被风吹动, ..."
bond,"n. 纽带, 债券, 保释金, 抵押贷..."
boot,"n. 靴子, 后备箱, 猛踢, 车轮锁；..."
brickwork,"n. 砖砌, 砖厂"
brute,"n. 残忍凶狠的人, 野兽, 苦差事；..."
cable,"n. 电缆, 钢缆, 有线电视, 电报；..."
casino,n. 赌场
cataclysmic,adj. 灾难性的
catch,"v. 抓住, 接住, 赶上, ..."
ceiling,"n. 天花板, 上限, 升限"
cello,n. 大提琴
charming,"adj. 迷人的, 虚伪的"
chase,"v. 追赶, 驱赶, 追求, 催促, ..."
chef,n. 主厨
clap,"v. 鼓掌（表示喜欢）, 拍手, 轻拍（表..."
claw,"n. 爪子, 螯, 爪钩；v. 抓"
climb,"v. 向上爬, 攀岩, 攀爬, 上升, ..."
cloak,"n. 斗篷, 掩饰；v. 掩盖"
column,"n. 栏, 列, 专栏, 柱子, ..."
conservative,"adj. 保守的, 英国保守党的, ..."
construct,"v. 建造, 组装, 构造；n. 构..."
convince,"v. 使相信, 劝说"
core,"n. 核心, 中心部分, 果核, 核心..."
cosmos,n. 宇宙
cotton,"n. 棉花, 棉布, 棉线, 棉球；..."
crisis,n. 危机
critic,"n. 评论家, 批评者"
cross,"v. 穿过, 交叉, 交叉放置, 反对,..."
crowd,"n. 人群, 特定人群, 普通人；v. ..."
cutlery,"n. 餐具, 刀具"
decimation,"n. 大规模杀戮, 严重破坏"
degradation,"n. 尊严丧失, 退化"
delegation,"n. 代表团, 授权"
detriment,n. 损害
disc,"n. 圆盘, 光盘, 磁盘, 唱片, 椎..."
discernible,"adj. 可辨别的, 隐约可见的"
dish,"n. 盘子, 餐具, 菜肴, ..."
drum,"n. 鼓, 桶, 滚筒；v. 打鼓, 敲击"
dysfunction,"n. 功能障碍, 功能失调"
egalitarian,n. 平等主义；adj. 平等
eloquence,"n. 雄辩, 表情达意的能力"
embroider,"v. 刺绣, 润色"
enormity,"n. 巨大, 滔天罪行"
erection,"n. 勃起, 建造, 建筑物"
exhilarate,v. 使兴奋
explosion,"n. 爆炸, 激增, 爆发"
exponent,"n. 倡导者, 能手, 指数"
external,"adj. 外部的, 来自外部的, ..."
fault,"n. 过失, 缺点, 故障, ..."
feudalism,n. 封建制度
flat,"n. 公寓, 平坦部分, 平原, 平地..."
flour,"n. 面粉, 粉；v. 撒粉"
flute,"n. 长笛, 香槟笛"
folk,"n. 人们, 各位, 家人, 特定群体,..."
frog,"n. 青蛙, 法国佬"
gardener,"n. 园丁, 园艺爱好者"
ginger,"n. 姜, 姜黄色；adj. 姜黄色的；v. *..."
gizmo,n. 小装置
glove,n. 手套
gourmet,adj. 美食的；n. 美食家
grade,"n. 分数, 年级, 等级, 级别, 程..."
grape,n. 葡萄
groom,"v. 梳理动物, 清洁皮毛, 培养, 诱骗..."
guitar,n. 吉他
gust,"n. 阵风, 感情迸发；v. 猛吹"
handrail,n. 扶手
hare,n. 野兔；v. 快跑
harmonica,n. 口琴
hay,"n. 干草, 小钱"
hesitate,v. 犹豫
high-definition,adj. 高清
hillside,n. 山坡
hockey,"n. 曲棍球, 冰球"
honk,"n. 鹅叫声, 汽车喇叭声；v. 按汽车..."
hull,n. 船体；v. 去壳
hybridize,v. 杂交
impose,"v. 实施, 强加, 强加（想法）..."
inert,"adj. 无活动能力的, 惰性的"
inner,"adj. 内部的, 内心的"
institution,"n. 机构, 制度, 设立, 老熟人"
interbreed,v. 杂交
investigate,"v. 调查, 研究"
inward,"adj. 内心的, 向内的；adv. 向内, ..."
itch,"vi. 发痒, 渴望；n. 痒感, 强烈的愿望"
ketchup,n. 番茄酱
kiwi,"n. 新西兰人, 几维鸟, 猕猴桃"
lead,"v. 带领, 连接, 通向, ..."
leaf,"n. 叶子, 有叶的, 页, 金属箔, ..."
leather,"n. 皮革, 皮衣"
logogram,n. 表意文字
lotion,n. 护肤液
massive,"adj. 巨大的, 庞大的, 重大的"
match,"n. 比赛, 对手, 相配, 匹配, 火..."
matter,"n. 问题, 事情, 情况, 事项, 物..."
meltdown,"n. 核反应堆熔毁, 崩溃, 情绪崩溃"
mishap,n. 小事故
missionary,n. 传教士
mop,"n. 拖把, 洗碗刷, 蓬乱的头发；v. 用..."
muffle,"v. 减弱, 包裹"
mutate,"v. 变异, 转变"
mutton,n. 羊肉
needle,"n. 缝衣针, 注射针头, 编织..."
nephew,n. 侄子
niece,n. 侄女
nut,"n. 坚果, 螺母, 脑袋, 疯子, 爱..."
obtrusive,adj. 显眼
ooze,"v. 缓慢渗出, 流露；n. 淤泥, 缓慢流动"
opacity,"n. 透明度低, 晦涩难懂"
opera,"n. 歌剧, 歌剧团"
oven,n. 烤箱
pagoda,n. 宝塔
pail,n. 提桶
pane,"n. 窗格, 面板"
papaya,n. 木瓜
paperback,n. 平装本
pasta,n. 面食
pea,n. 豌豆
pedicab,n. 三轮车
peep,"v. 偷看, 微露, 发出短促高音；n. 一..."
pepper,"n. 胡椒粉, 彩椒；v. 撒胡椒"
perform,"v. 表演, 执行, 表现"
phonetics,n. 语音学
pigeon,n. 鸽子
pin,"n. 缝纫针, 胸针, 别针式首饰, ..."
pistol,n. 手枪
pitfall,n. 陷阱
pluck,"v. 拔, 拔毛, 弹拨, 解救, 迅速拿走, ..."
plume,"n. 烟羽, 羽毛, 羽饰"
plummet,v. 暴跌
porridge,"n. 燕麦粥, 面糊粥"
pot,"n. 锅, 罐, 壶, 一锅..."
preposition,n. 介词
proof,"n. 证据, 验证, 证明方法, 校样,..."
propose,"v. 提议, 打算, 求婚, 提名, ..."
prospect,"n. 可能性, 预期, 成功的..."
pup,"n. 幼犬, 傲慢的年轻人, 幼崽"
purse,"n. 钱包, 财力, 奖金；v. 撅嘴"
puzzle,"n. 谜题, 谜团, 拼图；v. 使困惑"
quantum,n. 量子
quilt,n. 被子
radiator,"n. 暖气片, 汽车散热器"
rag,"n. 抹布, 低俗小报, 拉格泰姆音乐, ..."
rake,"n. 耙子, 浪荡子, 倾斜度；v. 耙, 摇..."
raw,"adj. 生的, 原始的, 未经处..."
rein,"n. 缰绳, 防走失带, 控制；v. 用缰..."
resident,"n. 居民, 住客, 住院医师；adj. ..."
rifle,"n. 步枪；v. 快速翻找, 偷窃, 大..."
safari,n. 旅行
sauce,"n. 酱汁, 无礼"
scaffold,"n. 绞刑架, 脚手架"
scallion,n. 小葱
sensor,n. 传感器
shelf,"n. 架子, 岩架"
site,"n. 地点, 现场, 场所, *..."
ski,"n. 滑雪板, 滑水板；adj. 滑雪的；..."
sleeve,"n. 袖子, 有某种袖子的, 唱片封套, ..."
slice,"n. 切片, 份额, 切刀, 旋转球；v. ..."
slide,"v. 滑动, 悄悄移动, 逐渐下降, ..."
smooth,"adj. 平滑的, 无颗粒的, 顺..."
soap,"n. 肥皂, 肥皂剧；v. 用肥皂洗"
soviet,"n. 苏维埃, 苏联人"
spaghetti,n. 意大利面
spring,"n. 春天, 泉水, 弹簧, 弹力, 活..."
stable,"adj. 稳定的, 沉稳的, 化学..."
stamp,"n. 邮票, 印章, 印记, 印花, 标..."
sterility,"n. 不育, 无效, 缺乏创造力, 无菌"
story,"n. 故事, 故事情节, 叙述, 经历,..."
string,"n. 线, 序列, 串, 字符串, 琴弦, ..."
stuff,"n. 东西, 事情, 主要内容；v. 塞..."
subgroup,n. 子群
successor,n. 继承者
suggest,"v. 建议, 推荐, 暗示"
suspension,"n. 停职, 暂停, 悬挂系统, ..."
swear,"v. 骂人, 发誓, 宣誓说真..."
sweep,"v. 扫地, 扫除, 扫荡, 横扫, ..."
synonym,n. 同义词
takeaway,"n. 外卖店, 外卖食品, 要点"
tape,"n. 胶带, 磁带, 录音带, 带..."
tent,n. 帐篷
thermodynamic,adj. 热力学的
thirsty,"adj. 口渴的, 渴望的, 缺水的"
tight,"adj. 牢固的, 紧身的, 时间..."
tone,"n. 语气, 基调, 音色, ..."
tree,n. 树
troop,adj. 与军队相关的；n. 大批士兵...
tub,"n. 大桶, 小盒, 浴缸"
umpire,n. 裁判员；v. 担任裁判
undertaking,"n. 事业, 承诺, 殡葬业"
vanilla,"n. 香草；adj. 香草味的, 普通的"
vault,"n. 保险库, 墓穴, 拱顶, 跳跃；v. 撑..."
viaduct,n. 高架桥
virus,"n. 病毒, 病毒感染, 计算机病毒"
warp,"v. 弯曲, 扭曲；n. 经线"
wasabi,n. 芥末
weep,"v. 哭泣, 渗出；n. 一阵哭泣"
wind,"n. 风, 肠胃气, 气息, 管乐器, ..."
wireless,"adj. 无线的；n. 无线系统, 无线电"
witness,"n. 目击者, 证人, 见证人..."
wretched,"adj. 痛苦的, 糟糕的, 令人同情的, ..."
xerox,"v. 复印；n. 复印机, 复印件"
yogurt,n. 酸奶
yummy,adj. 美味的
